Player,Team,GP,G,A,Pts,+/-,PN,PIM,S,SB,MS,H,GV,TK,BS,FW,FL,F%,Year
Jake Livingstone,NSH,5,0,1,1,-2,1,2,3,4,2,6,3,0,12,0,0,0,2023
Philip Tomasino,NSH,31,5,13,18,5,3,6,53,21,26,28,15,10,16,9,8,52.94,2023
Luke Evangelista,NSH,24,7,8,15,7,3,6,54,17,7,9,9,15,6,0,0,0,2023
Spencer Stastney,NSH,8,0,2,2,4,1,2,9,3,2,2,3,2,9,0,0,0,2023
Tommy Novak,NSH,42,13,24,37,4,3,6,71,32,27,6,13,24,21,161,181,47.08,2023
Alex Galchenyuk,COL,11,0,0,0,-8,2,4,8,4,3,10,0,0,3,4,3,57.14,2023
Stanislav Svozil,CBJ,2,0,1,1,-3,1,2,3,1,3,1,1,0,1,0,0,0,2023
Billy Sweezey,CBJ,9,0,1,1,-3,3,7,3,10,3,39,3,2,20,0,0,0,2023
Hunter McKown,CBJ,12,0,2,2,-4,4,8,13,4,6,12,3,4,5,48,39,55.17,2023
Joona Luoto,CBJ,7,1,0,1,-7,0,0,7,2,4,11,4,3,3,0,0,0,2023
Tyler Angle,CBJ,2,1,0,1,-2,0,0,5,1,0,2,0,1,0,8,10,44.44,2023
Samuel Knazko,CBJ,2,0,0,0,0,0,0,0,2,0,0,0,1,1,0,0,0,2023
Lukas Rousek,BUF,2,1,1,2,2,0,0,3,0,0,0,0,0,1,0,1,0,2023
Mikael Pyyhtia,CBJ,2,0,1,1,-2,1,2,2,0,2,0,2,0,2,0,0,0,2023
Damien Giroux,MIN,1,0,1,1,0,1,2,0,0,0,2,0,0,1,2,3,40,2023
Nick Swaney,MIN,1,0,0,0,0,0,0,0,0,0,3,0,1,0,0,0,0,2023
Maxence Guenette,OTT,1,0,0,0,-1,0,0,2,0,1,1,0,0,1,0,0,0,2023
Lucas Condotta,MTL,1,1,0,1,-1,0,0,5,0,2,3,0,0,0,4,3,57.14,2023
Matt Coronato,CGY,1,0,0,0,1,1,2,4,1,1,1,2,1,0,0,0,0,2023
Hugh McGing,STL,1,0,0,0,0,0,0,0,0,0,0,1,1,0,0,0,0,2023
Joel Teasdale,MTL,2,0,1,1,-3,0,0,1,0,1,2,2,1,1,0,1,0,2023
Benoit-Olivier Groulx,ANA,2,0,0,0,0,0,0,2,2,1,0,3,2,0,9,11,45,2023
Jackson Lacombe,ANA,2,0,0,0,-1,0,0,1,0,0,1,0,0,9,0,0,0,2023
Henrik Borgstrom,WSH,1,0,0,0,0,0,0,0,0,0,0,0,0,0,0,0,0,2023
Adam Ginning,PHI,1,0,0,0,0,1,2,0,0,1,2,0,0,2,0,0,0,2023
Luke Hughes,N.J,2,1,1,2,0,0,0,2,2,0,1,0,1,3,0,0,0,2023
Brock Faber,MIN,2,0,0,0,2,0,0,1,1,2,0,1,1,9,0,0,0,2023
Matthew Knies,TOR,3,0,1,1,1,1,2,4,2,1,2,1,3,2,0,0,0,2023
Tristen Robins,S.J,3,0,0,0,-1,0,0,2,0,0,2,1,0,3,13,16,44.83,2023
Connor Carrick,BOS,1,0,1,1,3,0,0,2,1,1,4,0,0,0,0,0,0,2023
Vinni Lettieri,BOS,1,0,0,0,-1,0,0,1,0,0,3,0,0,0,0,1,0,2023
Jason Demers,EDM,1,0,0,0,-1,0,0,1,0,0,3,1,0,3,0,0,0,2023
Adam Raska,S.J,3,0,0,0,0,0,0,1,1,1,13,3,1,2,0,1,0,2023
Cole McWard,VAN,5,1,0,1,0,0,0,6,4,4,5,4,0,6,0,0,0,2023
Dmitri Samorukov,STL,2,0,0,0,-1,1,2,1,3,0,0,0,0,2,0,0,0,2023
Ronnie Attard,PHI,2,0,0,0,0,0,0,5,1,2,3,0,3,2,0,0,0,2023
Egor Sokolov,OTT,5,1,1,2,2,0,0,5,2,0,5,0,0,2,0,0,0,2023
Thomas Harley,DAL,6,0,2,2,5,1,2,8,3,1,1,3,0,8,0,0,0,2023
Akito Hirose,VAN,7,0,3,3,-1,2,4,4,1,4,6,5,1,6,0,0,0,2023
Nick Abruzzese,TOR,2,0,2,2,2,0,0,2,1,0,1,0,0,0,0,0,0,2023
Marco Kasper,DET,1,0,0,0,0,0,0,1,0,0,3,0,0,0,1,7,12.5,2023
Matthew Kessel,STL,2,0,0,0,-1,0,0,3,3,0,0,0,0,1,0,0,0,2023
Danil Gushchin,S.J,2,1,1,2,-1,0,0,8,1,3,0,0,1,5,0,0,0,2023
Kyle Criscuolo,S.J,1,1,0,1,0,0,0,2,0,0,2,0,1,1,1,0,100,2023
Justin Richards,CBJ,2,0,1,1,-1,0,0,0,0,0,4,0,1,0,5,8,38.46,2023
Henry Thrun,S.J,8,0,2,2,-3,0,0,7,5,7,4,6,1,9,0,0,0,2023
Thomas Bordeleau,S.J,8,0,2,2,-3,0,0,9,8,6,4,5,5,3,2,6,25,2023
Austin Wagner,CHI,7,1,1,2,-2,0,0,13,7,5,20,3,3,1,0,0,0,2023
Tyler Kleven,OTT,8,0,2,2,0,1,2,11,7,6,9,8,2,7,0,0,0,2023
Alex Vlasic,CHI,6,0,1,1,-1,0,0,4,0,1,5,1,5,9,0,0,0,2023
Taro Hirose,DET,3,0,0,0,-2,1,2,2,0,2,1,1,0,2,1,0,100,2023
Sean Farrell,MTL,6,1,0,1,-2,0,0,8,5,3,0,2,1,2,0,1,0,2023
Aidan McDonough,VAN,6,1,0,1,-2,1,2,4,2,3,7,0,0,2,1,0,100,2023
Oskar Steen,BOS,3,1,0,1,0,0,0,5,0,0,3,1,1,0,0,1,0,2023
Nathan Smith,ARI,4,0,0,0,-1,2,4,2,3,1,6,1,3,3,9,11,45,2023
David Rittich,WPG,1,0,0,0,0,0,0,0,0,0,0,0,0,0,0,0,0,2023
Nikita Nesterenko,ANA,10,1,0,1,-3,0,0,23,2,5,6,3,4,1,0,3,0,2023
Andrew Agozzino,S.J,4,1,2,3,-1,0,0,9,1,2,12,1,0,4,1,0,100,2023
Wyatt Kaiser,CHI,9,0,3,3,-4,2,4,13,7,6,5,13,0,10,0,0,0,2023
Simon Edvinsson,DET,9,2,0,2,-7,6,12,6,4,3,11,4,4,8,0,0,0,2023
Mike Hardman,CHI,8,0,0,0,-2,0,0,7,0,5,25,2,3,6,6,4,60,2023
Ville Husso,DET,1,0,0,0,0,0,0,0,0,0,0,0,0,0,0,0,0,2023
Egor Afanasyev,NSH,17,1,0,1,-7,1,2,21,6,4,23,2,1,13,0,0,0,2023
Tyson Foerster,PHI,8,3,4,7,2,3,8,15,4,8,12,1,1,10,0,0,0,2023
Bokondji Imama,ARI,5,0,0,0,-2,1,5,0,2,1,13,0,0,2,0,0,0,2023
Derrick Pouliot,S.J,8,0,2,2,-1,3,6,4,8,2,10,4,4,9,0,0,0,2023
Alex Nylander,PIT,11,1,1,2,1,3,6,11,6,4,12,0,5,3,1,1,50,2023
Nikolai Knyzhov,S.J,12,1,0,1,-13,4,8,10,5,4,11,9,3,16,0,0,0,2023
Frederic Allard,MTL,3,0,0,0,2,0,0,6,1,6,0,3,0,2,0,0,0,2023
William Eklund,S.J,8,2,1,3,-5,3,6,18,11,5,7,5,1,6,2,4,33.33,2023
Vincent Iorio,WSH,3,0,1,1,0,0,0,3,5,1,2,3,1,3,0,0,0,2023
Gabriel Carlsson,WSH,6,0,2,2,-1,0,0,3,2,1,4,2,1,1,0,0,0,2023
Alex Chiasson,DET,20,6,3,9,-8,3,6,25,5,9,14,3,4,6,0,7,0,2023
Darren Raddysh,TBL,17,1,2,3,-4,2,4,25,16,6,25,9,3,16,0,0,0,2023
Michael Kesselring,ARI,9,0,3,3,-1,3,6,8,7,10,12,3,2,7,0,0,0,2023
John Leonard,NSH,6,1,0,1,0,1,2,4,4,3,4,3,4,4,0,0,0,2023
Vladislav Kolyachonok,ARI,2,0,0,0,0,0,0,2,0,0,2,0,1,2,0,0,0,2023
Robby Fabbri,DET,28,7,7,14,-1,7,22,35,10,18,49,12,6,15,10,16,38.46,2023
David Gust,CHI,4,1,0,1,-2,1,2,7,5,1,3,1,1,1,0,0,0,2023
Elliot Desnoyers,PHI,4,0,0,0,-2,0,0,3,2,2,9,1,2,4,9,14,39.13,2023
Anthony Duclair,FLA,20,2,7,9,4,1,2,43,17,22,20,9,6,9,0,0,0,2023
Jesper Froden,SEA,15,0,4,4,4,3,6,10,0,10,11,5,7,6,0,0,0,2023
Dakota Mermis,MIN,2,0,0,0,-1,0,0,1,2,1,2,0,0,3,0,0,0,2023
Marco Scandella,STL,20,1,1,2,3,3,6,17,22,2,27,10,7,26,0,0,0,2023
Arnaud Durandeau,NYI,4,0,0,0,1,1,2,9,1,1,3,0,1,2,0,1,0,2023
Matthew Highmore,STL,2,0,0,0,1,0,0,2,1,0,4,0,1,0,0,0,0,2023
Christian Wolanin,VAN,16,0,3,3,4,2,4,16,11,7,4,5,1,11,0,0,0,2023
Pheonix Copley,L.A,1,0,0,0,0,0,0,0,0,0,0,0,0,0,0,0,0,2023
Fredrik Karlstrom,DAL,5,0,0,0,1,0,0,6,2,0,1,1,1,1,0,0,0,2023
Andy Andreoff,NYI,3,0,1,1,-3,0,0,1,1,0,7,1,1,1,3,4,42.86,2023
Dylan McIlrath,WSH,6,0,1,1,-6,2,7,1,7,9,14,2,0,7,0,0,0,2023
Cole Guttman,CHI,14,4,2,6,1,1,2,26,12,4,4,11,12,6,88,81,52.07,2023
Otto Koivula,NYI,8,0,1,1,1,2,4,5,2,1,6,1,2,4,13,8,61.9,2023
Victor Soderstrom,ARI,30,0,9,9,-3,11,24,31,35,13,17,22,3,39,0,0,0,2023
Alex Steeves,TOR,3,0,0,0,-2,0,0,3,0,2,3,0,2,0,0,0,0,2023
MariÁn Studenic,DAL,3,0,0,0,-1,0,0,4,0,2,3,3,0,0,0,0,0,2023
Jean-Sebastien Dea,ARI,4,0,0,0,-2,0,0,1,1,2,3,0,1,1,1,2,33.33,2023
Owen Beck,MTL,1,0,0,0,-1,0,0,0,0,1,0,0,0,1,1,2,33.33,2023
Marc McLaughlin,BOS,2,0,0,0,-1,1,2,3,1,0,2,0,0,0,6,5,54.55,2023
Anton Forsberg,OTT,1,0,0,0,0,0,0,0,0,0,0,0,0,0,0,0,0,2023
Phillip Di Giuseppe,VAN,30,6,7,13,-3,7,14,71,14,14,52,5,10,10,1,3,25,2023
Will Cuylle,NYR,4,0,0,0,-2,2,10,1,0,2,8,1,2,0,0,2,0,2023
Ridly Greig,OTT,20,2,7,9,1,6,12,30,7,15,33,8,8,3,43,66,39.45,2023
Luke Philp,CHI,3,0,1,1,0,1,2,0,0,0,4,0,2,0,0,3,0,2023
Milos Kelemen,ARI,14,1,0,1,-5,6,23,12,5,7,26,2,0,6,1,2,33.33,2023
Samuel Bolduc,NYI,17,2,1,3,5,1,2,20,20,9,26,13,2,16,0,0,0,2023
Alex Turcotte,L.A,4,0,0,0,-2,1,5,2,1,2,1,2,1,0,6,8,42.86,2023
John Hayden,SEA,7,2,0,2,2,2,7,9,6,4,4,1,0,3,0,1,0,2023
Alex Belzile,MTL,31,6,8,14,0,5,13,40,14,13,27,13,8,22,96,109,46.83,2023
Jakob Pelletier,CGY,24,3,4,7,-5,1,2,48,17,18,15,10,12,13,2,6,25,2023
Dennis Cholowski,NYI,2,0,0,0,-1,0,0,0,6,1,0,1,0,1,0,0,0,2023
William Dufour,NYI,1,0,0,0,-2,0,0,0,0,0,1,1,0,0,0,1,0,2023
Kirill Marchenko,CBJ,59,21,4,25,-23,7,16,130,68,54,34,19,31,39,9,7,56.25,2023
Tim Berni,CBJ,59,1,2,3,-27,17,34,58,45,15,122,25,19,76,0,0,0,2023
Rafael Harvey-Pinard,MTL,34,14,6,20,7,5,10,58,20,20,57,17,11,56,0,1,0,2023
Jonathan Gruden,PIT,4,0,0,0,0,0,0,0,1,0,4,0,1,1,5,9,35.71,2023
Nolan Foote,N.J,6,1,0,1,2,0,0,4,0,3,5,0,2,3,0,2,0,2023
Taylor Fedun,PIT,5,0,0,0,0,0,0,7,7,4,3,0,0,6,0,0,0,2023
Joona Koppanen,BOS,5,0,1,1,0,2,4,2,2,0,8,3,4,2,25,19,56.82,2023
Jesse Ylonen,MTL,37,6,10,16,-11,0,0,43,27,10,14,20,10,28,3,3,50,2023
Vincent Desharnais,EDM,36,0,5,5,14,14,31,17,21,10,45,16,5,47,0,0,0,2023
Bobby McMann,TOR,10,0,1,1,-2,1,2,18,3,7,17,2,2,0,1,1,50,2023
Walker Duehr,CGY,27,7,4,11,0,2,4,47,18,14,55,3,5,4,1,6,14.29,2023
Chris Wagner,BOS,1,0,0,0,0,0,0,0,0,1,6,0,0,1,1,3,25,2023
Tom Wilson,WSH,33,13,9,22,-16,26,80,81,33,28,100,10,13,30,5,10,33.33,2023
Nicklas Backstrom,WSH,39,7,14,21,-27,7,14,61,39,22,24,22,16,23,262,260,50.19,2023
Steven Santini,STL,4,0,1,1,0,1,2,5,1,3,6,4,0,10,0,0,0,2023
Brett Seney,CHI,8,1,0,1,-2,1,2,9,4,1,11,0,2,4,5,8,38.46,2023
Max Pacioretty,CAR,5,3,0,3,0,1,2,16,8,10,4,2,1,1,0,0,0,2023
Byron Froese,VGK,9,2,1,3,1,2,4,17,5,3,12,2,3,6,39,22,63.93,2023
Kaedan Korczak,VGK,11,0,2,2,-3,0,0,16,8,10,25,1,6,8,0,0,0,2023
Darren Helm,COL,14,0,0,0,-1,2,4,10,2,3,16,1,1,3,31,43,41.89,2023
Kristian Reichel,WPG,2,0,1,1,0,0,0,1,0,1,2,0,1,0,0,0,0,2023
Sheldon Rempal,VGK,1,0,0,0,-2,0,0,0,1,0,0,0,0,0,0,0,0,2023
TY Smith,PIT,10,1,3,4,3,2,4,27,11,5,19,5,4,4,0,0,0,2023
Travis Dermott,VAN,11,1,0,1,-3,1,2,7,5,2,10,1,1,10,0,0,0,2023
Anton Levtchi,FLA,2,0,0,0,0,0,0,1,0,0,0,2,0,0,0,1,0,2023
Mark Friedman,PIT,24,1,2,3,2,6,15,36,14,15,52,9,5,22,0,0,0,2023
Tyce Thompson,N.J,2,0,0,0,-1,0,0,1,1,1,0,1,0,2,0,0,0,2023
Justin Barron,MTL,39,4,11,15,-2,10,20,40,41,12,49,34,5,39,0,0,0,2023
Michael Carcone,ARI,9,2,1,3,3,1,2,15,5,5,16,1,5,1,0,0,0,2023
Fredrik Olofsson,DAL,28,1,3,4,0,1,2,34,14,14,33,4,7,9,3,5,37.5,2023
Pavel Dorofeyev,VGK,18,7,2,9,5,3,6,40,19,9,3,6,5,9,0,1,0,2023
Parker Wotherspoon,NYI,13,0,1,1,5,2,4,10,4,2,8,1,4,6,0,0,0,2023
Aatu Raty,NYI,15,2,1,3,0,2,4,16,8,3,19,5,4,6,45,37,54.88,2023
Nikita Okhotiuk,N.J,10,1,0,1,1,1,2,6,3,2,31,4,1,9,0,0,0,2023
Dillon Heatherington,OTT,3,0,0,0,-3,0,0,1,1,1,2,2,1,2,0,0,0,2023
Jani HakanpÄÄ,DAL,49,2,6,8,10,13,26,57,50,20,134,33,9,76,0,0,0,2023
Isaak Phillips,CHI,17,1,4,5,-10,1,5,16,12,9,27,8,11,6,0,0,0,2023
Justin Kirkland,ANA,7,0,0,0,-3,0,0,5,6,3,8,0,0,3,2,1,66.67,2023
Anthony Richard,MTL,13,3,2,5,2,3,6,13,3,9,25,2,2,3,1,3,25,2023
Thomas Novak,NSH,9,4,3,7,1,1,2,22,5,2,3,2,2,2,17,42,28.81,2023
Josh Dunne,CBJ,8,0,0,0,-6,3,6,4,1,5,19,1,0,4,27,25,51.92,2023
Riley Tufte,DAL,3,0,0,0,-1,0,0,1,2,0,6,0,0,0,0,0,0,2023
Jordan Spence,L.A,6,0,1,1,1,0,0,6,5,5,3,3,1,3,0,0,0,2023
Lane Pederson,VAN,28,3,3,6,-1,10,26,27,9,9,68,4,5,11,76,74,50.67,2023
Jan Jenik,ARI,2,0,0,0,0,2,4,0,1,0,4,0,0,2,1,4,20,2023
Jeremy Davies,BUF,1,0,0,0,0,1,2,1,0,0,0,0,0,1,0,0,0,2023
Ben Harpur,NYR,42,1,5,6,1,7,20,34,30,13,63,22,13,56,0,0,0,2023
Jacob Lucchini,OTT,11,1,0,1,-2,0,0,14,5,8,16,7,3,1,0,2,0,2023
Brayden Pachal,VGK,11,0,1,1,2,4,8,18,13,7,27,4,3,11,0,0,0,2023
Kevin Stenlund,WPG,54,6,3,9,3,8,20,62,24,30,31,12,25,28,279,247,53.04,2023
Andreas Johnsson,N.J,13,0,3,3,-6,3,6,18,4,1,7,5,4,5,6,7,46.15,2023
Grigori Denisenko,FLA,18,0,3,3,-5,2,4,16,4,8,20,1,1,8,0,0,0,2023
Roland McKeown,NSH,6,0,0,0,1,4,8,3,5,3,4,4,1,6,0,0,0,2023
Kevin Gravel,NSH,23,0,1,1,-9,2,4,20,22,9,23,12,2,36,0,0,0,2023
Rourke Chartier,OTT,6,0,0,0,0,0,0,8,4,2,10,0,1,3,19,14,57.58,2023
Samuel Walker,MIN,9,1,1,2,-1,0,0,8,1,2,2,1,2,1,0,0,0,2023
Joey Anderson,TOR,39,6,3,9,-8,0,0,42,18,29,36,11,20,17,0,2,0,2023
Matthew Phillips,CGY,2,0,0,0,0,1,2,1,3,0,0,0,0,0,0,0,0,2023
Cam York,PHI,54,2,18,20,-1,9,18,41,44,36,44,23,13,69,0,0,0,2023
Brad Hunt,COL,47,4,6,10,4,6,12,46,30,21,16,7,9,10,0,0,0,2023
Radim Zohorna,CGY,11,1,0,1,-2,0,0,8,2,1,7,0,5,2,21,20,51.22,2023
CJ Suess,S.J,1,0,0,0,-1,1,2,0,0,0,1,0,0,0,0,1,0,2023
Jonas Rondbjerg,VGK,13,0,2,2,-4,2,4,15,4,7,3,1,9,8,1,2,33.33,2023
Callahan Burke,COL,2,0,0,0,-1,0,0,2,0,0,1,0,2,2,2,4,33.33,2023
Semyon Der-Arguchintsev,TOR,1,0,0,0,1,0,0,0,0,0,0,1,0,0,0,0,0,2023
Zac Dalpe,FLA,14,2,2,4,-4,1,2,17,4,4,15,0,2,6,25,17,59.52,2023
Chris Tierney,FLA,37,3,7,10,-9,3,6,19,8,9,15,11,13,21,111,123,47.44,2023
Lukas Reichel,CHI,23,7,8,15,-8,3,6,42,16,10,7,14,13,15,5,9,35.71,2023
Jonny Brodzinski,NYR,18,0,1,1,3,4,8,26,6,9,9,4,6,4,51,45,53.12,2023
Charles Hudon,COL,9,0,0,0,-2,1,2,18,5,3,13,0,3,2,5,4,55.56,2023
Hudson Fasching,NYI,49,10,9,19,10,5,10,61,31,17,45,12,16,22,2,8,20,2023
Daniil Miromanov,VGK,14,2,4,6,-6,1,2,22,19,6,7,6,1,13,0,0,0,2023
Anthony Cirelli,TBL,58,11,17,28,14,11,33,110,34,44,34,15,40,46,424,407,51.02,2023
William Bitten,STL,4,0,1,1,1,0,0,0,0,0,10,1,1,0,0,0,0,2023
Cole Bardreau,NYI,1,0,0,0,0,1,2,0,1,1,2,0,0,0,0,0,0,2023
Tobias Bjornfot,L.A,10,0,1,1,1,3,6,10,5,5,12,0,0,11,0,0,0,2023
Samuel Fagemo,L.A,9,2,1,3,-4,0,0,5,3,2,5,3,1,6,0,1,0,2023
Tyler Benson,EDM,2,0,0,0,0,0,0,0,0,2,2,0,0,0,0,0,0,2023
Jean-Luc Foudy,COL,9,0,0,0,-3,3,6,12,1,2,2,5,3,2,0,3,0,2023
Urho Vaakanainen,ANA,23,0,2,2,-16,0,0,27,18,13,18,10,7,28,0,0,0,2023
Jeffrey Viel,S.J,5,0,0,0,0,1,2,4,1,1,6,1,2,2,0,0,0,2023
James Hamblin,EDM,11,0,0,0,-3,1,2,12,1,3,2,1,2,1,27,15,64.29,2023
Lias Andersson,L.A,1,0,0,0,-1,0,0,1,1,1,2,0,0,0,0,0,0,2023
Philip Broberg,EDM,48,1,7,8,5,1,2,32,29,11,28,27,12,33,0,0,0,2023
Alex BarrÉ-Boulet,TBL,1,0,0,0,0,0,0,1,1,0,0,0,1,0,0,1,0,2023
Carson Meyer,CBJ,14,0,1,1,-2,3,6,17,7,8,26,0,3,6,0,0,0,2023
Oskar Olausson,COL,1,0,0,0,0,0,0,0,1,1,0,0,0,0,0,0,0,2023
Lassi Thomson,OTT,2,0,0,0,-2,2,4,1,0,1,2,0,1,0,0,0,0,2023
Simon Holmstrom,NYI,50,6,3,9,-4,0,0,39,18,19,9,13,21,21,0,3,0,2023
Mac Hollowell,TOR,6,0,2,2,3,1,2,4,1,1,3,1,3,6,0,0,0,2023
Tyler Wotherspoon,N.J,1,0,0,0,0,0,0,0,0,0,0,0,0,0,0,0,0,2023
Jakob Chychrun,ARI,48,9,24,33,6,15,30,143,74,62,56,46,18,83,0,0,0,2023
Ville Heinola,WPG,10,0,1,1,-5,1,2,5,7,1,7,8,2,7,0,0,0,2023
Trey Fix-Wolansky,CBJ,9,1,0,1,-5,0,0,19,7,8,11,2,2,8,0,0,0,2023
Zach Bogosian,TBL,47,1,4,5,-4,13,42,54,44,19,114,25,5,49,1,0,100,2023
Nic Petan,MIN,11,1,2,3,0,1,2,10,5,2,4,1,3,5,1,2,33.33,2023
Mike Matheson,MTL,48,8,26,34,6,15,35,126,88,41,54,73,42,82,0,0,0,2023
Ian Mitchell,CHI,35,1,7,8,-8,4,8,25,17,8,16,14,8,37,0,0,0,2023
Patrick Brown,PHI,62,4,8,12,-1,14,44,60,24,38,167,13,9,42,178,161,52.51,2023
Jacob Moverare,L.A,4,0,0,0,-1,0,0,6,1,0,3,0,1,4,0,0,0,2023
Tyler Tucker,STL,26,1,3,4,-9,7,31,21,27,6,50,9,4,25,0,0,0,2023
Anders Bjork,BUF,14,2,6,8,4,1,2,15,8,4,9,10,6,4,0,2,0,2023
Nick Cicek,S.J,17,0,4,4,-7,6,15,3,15,3,28,6,2,21,0,0,0,2023
Drew Helleson,ANA,4,1,0,1,0,1,2,4,0,1,2,0,0,3,0,0,0,2023
Sam Carrick,ANA,53,3,3,6,-16,23,86,50,15,19,98,9,13,24,182,187,49.32,2023
Jake Walman,DET,64,9,8,17,10,20,45,140,73,43,47,36,33,121,0,0,0,2023
Max Willman,PHI,10,0,0,0,-3,2,4,9,4,4,16,0,1,6,0,3,0,2023
Riley Sheahan,BUF,2,0,0,0,-2,2,4,0,0,0,0,1,0,1,7,3,70,2023
William Lockwood,VAN,13,0,1,1,-7,0,0,13,2,6,38,3,4,15,0,0,0,2023
Teddy Blueger,PIT,63,4,12,16,-8,8,32,84,25,20,72,16,26,47,308,280,52.38,2023
Andreas Englund,COL,47,0,4,4,-1,10,35,31,20,21,133,8,9,33,0,0,0,2023
Maxime Lajoie,CAR,3,0,0,0,0,0,0,2,4,1,2,1,0,0,0,0,0,2023
Jacob Larsson,OTT,7,0,0,0,1,2,6,4,7,1,7,6,1,6,0,0,0,2023
Michael Eyssimont,WPG,54,5,10,15,3,22,53,124,38,54,107,15,29,19,12,22,35.29,2023
Gustav Olofsson,SEA,3,0,0,0,1,0,0,6,1,1,2,1,1,4,0,0,0,2023
Laurent Dauphin,ARI,21,1,0,1,-4,5,10,25,9,7,18,4,10,10,84,73,53.5,2023
Jake Middleton,MIN,65,2,9,11,11,13,38,60,48,37,98,17,15,131,0,0,0,2023
Austin Strand,ANA,5,0,0,0,-2,1,2,5,3,1,5,0,0,4,0,0,0,2023
Juuso Parssinen,NSH,46,6,19,25,0,6,15,49,17,25,76,17,26,18,155,156,49.84,2023
Marcus Bjork,CBJ,33,3,7,10,-8,17,42,33,19,13,45,13,2,46,0,0,0,2023
Jake Christiansen,CBJ,24,0,4,4,-7,2,4,25,14,16,20,7,7,23,0,0,0,2023
Jordie Benn,TOR,12,1,1,2,0,6,12,13,11,6,31,15,0,29,0,0,0,2023
Klim Kostin,EDM,59,11,10,21,12,22,66,56,28,20,157,16,12,15,4,6,40,2023
Cale Fleury,SEA,14,0,1,1,0,1,2,10,9,10,28,9,3,13,0,0,0,2023
Matej Blumel,DAL,6,1,0,1,-2,0,0,8,3,2,7,5,3,2,0,0,0,2023
Shane Bowers,COL,1,0,0,0,0,0,0,1,0,0,0,0,0,0,0,2,0,2023
Sampo Ranta,COL,6,0,0,0,0,2,4,5,4,1,10,2,0,3,0,1,0,2023
Nikita Alexandrov,STL,29,3,4,7,0,3,8,28,3,12,28,4,3,13,53,97,35.33,2023
Jonatan Berggren,DET,67,15,13,28,-14,8,16,96,26,35,20,26,16,29,3,3,50,2023
Emil Bemstrom,CBJ,55,7,15,22,-11,3,6,95,45,41,16,9,16,21,7,10,41.18,2023
Brendan Gaunce,CBJ,5,0,1,1,-1,1,2,9,0,3,4,1,1,2,33,23,58.93,2023
Mattias Janmark,EDM,66,10,15,25,9,15,30,78,15,24,20,26,27,25,26,33,44.07,2023
Charlie McAvoy,BOS,67,7,44,51,29,25,54,105,83,38,85,45,26,131,0,0,0,2023
Adam Beckman,MIN,9,0,0,0,-2,0,0,12,6,7,3,0,2,2,0,1,0,2023
Filip Hallander,PIT,2,0,0,0,0,0,0,0,0,0,1,2,2,3,0,0,0,2023
Alexander Alexeyev,WSH,33,0,5,5,-5,2,4,29,22,25,36,17,4,47,0,0,0,2023
Jack Drury,CAR,38,2,6,8,3,7,14,70,20,20,12,6,9,16,67,59,53.17,2023
Joseph Cramarossa,MIN,4,1,0,1,0,2,4,1,0,2,8,0,1,1,0,1,0,2023
Jacob Bernard-Docker,OTT,19,0,1,1,-1,4,11,22,13,12,23,6,2,27,0,0,0,2023
Dennis Gilbert,CGY,23,1,3,4,1,6,27,13,14,9,55,8,3,26,0,0,0,2023
Lucas Johansen,WSH,2,0,0,0,0,0,0,3,2,0,0,0,1,3,0,0,0,2023
Nick Desimone,CGY,4,0,0,0,-4,1,2,4,1,2,2,1,2,5,0,0,0,2023
Aleksi Heponiemi,FLA,10,1,2,3,-1,1,2,6,2,0,2,1,1,1,2,0,100,2023
Glenn Gawdin,ANA,3,0,0,0,-1,0,0,3,0,1,4,1,0,3,8,14,36.36,2023
Austin Czarnik,DET,29,3,2,5,-4,4,8,27,10,10,16,4,13,13,69,91,43.12,2023
Timothy Liljegren,TOR,67,6,12,18,25,14,30,84,44,26,106,37,11,94,0,0,0,2023
Sonny Milano,WSH,64,11,22,33,-9,8,18,82,19,43,41,21,21,16,0,0,0,2023
Jansen Harkins,WPG,22,3,2,5,4,5,12,18,15,7,16,8,7,11,2,7,22.22,2023
Kyle Capobianco,WPG,14,2,0,2,1,3,6,14,11,9,12,7,6,6,0,0,0,2023
Jordan Gross,NSH,15,3,0,3,-3,1,2,24,18,14,10,8,2,16,0,0,0,2023
Mark Jankowski,NSH,51,7,5,12,-1,8,18,56,24,25,45,12,15,30,189,153,55.26,2023
Joel Edmundson,MTL,62,2,12,14,-30,19,60,70,35,23,113,72,12,156,0,0,0,2023
Dominic Toninato,WPG,5,0,1,1,0,1,2,7,1,0,6,1,2,2,9,9,50,2023
Pontus Holmberg,TOR,37,5,7,12,0,7,18,27,8,14,25,13,7,16,93,126,42.47,2023
Ethan Bear,VAN,61,3,13,16,2,11,25,75,48,31,39,28,17,79,0,0,0,2023
Adam Ruzicka,CGY,44,6,14,20,-1,4,8,64,30,26,28,10,12,8,83,91,47.7,2023
Steven Fogarty,MIN,2,0,0,0,0,0,0,0,0,1,3,0,1,0,2,2,50,2023
Drew O'Connor,PIT,48,5,5,10,-3,6,12,62,29,29,63,18,15,14,18,21,46.15,2023
Dylan Gambrell,OTT,61,4,6,10,-4,12,25,46,22,19,60,17,14,45,139,167,45.42,2023
Matt Irwin,WSH,61,2,3,5,-8,12,36,79,37,23,117,18,9,76,0,0,0,2023
Filip Kral,TOR,2,0,0,0,0,1,2,1,0,0,2,1,0,1,0,0,0,2023
Rasmus Kupari,L.A,66,3,12,15,-5,6,12,53,19,23,80,12,16,35,222,183,54.81,2023
Joel Armia,MTL,44,7,7,14,-7,11,22,69,26,30,37,13,18,25,3,6,33.33,2023
Givani Smith,DET,36,1,3,4,-3,19,72,30,17,13,67,6,6,7,0,0,0,2023
Jordan Oesterle,DET,52,2,9,11,-9,8,19,54,29,21,41,18,4,67,0,0,0,2023
Boris Katchouk,CHI,58,5,11,16,-10,10,27,68,36,35,85,17,24,15,3,12,20,2023
Kale Clague,BUF,34,0,4,4,-3,8,24,24,19,8,24,12,7,24,0,0,0,2023
Gavin Bayreuther,CBJ,52,2,12,14,-18,10,23,61,44,12,54,9,9,72,0,0,0,2023
David Jiricek,CBJ,4,0,0,0,-4,1,2,5,2,0,9,2,1,7,0,0,0,2023
Sheldon Dries,VAN,65,11,6,17,-9,10,29,93,32,34,84,18,4,40,235,236,49.89,2023
Rasmus Ristolainen,PHI,74,3,16,19,-2,16,32,85,50,36,162,43,24,139,0,0,0,2023
Eric Staal,FLA,72,14,15,29,-5,13,26,106,41,36,27,31,33,45,343,400,46.16,2023
Matt Luff,DET,19,2,2,4,-4,0,0,20,7,12,22,3,6,9,0,2,0,2023
Brad Marchand,BOS,73,21,46,67,27,37,74,183,85,66,80,84,42,22,22,36,37.93,2023
Tyler Pitlick,STL,61,7,9,16,-1,7,14,54,16,25,103,6,19,29,2,2,50,2023
Julien Gauthier,NYR,58,9,5,14,-6,3,6,53,21,20,105,10,13,13,3,5,37.5,2023
Jake Leschyshyn,VGK,37,0,0,0,-10,4,8,31,10,5,55,4,4,11,118,115,50.64,2023
Jaret Anderson-Dolan,L.A,47,7,5,12,-11,1,2,54,11,14,61,7,4,29,23,16,58.97,2023
Lawrence Pilut,BUF,17,1,2,3,-4,0,0,14,4,4,6,5,3,16,0,0,0,2023
Sam Poulin,PIT,3,0,1,1,-3,1,2,2,1,2,3,1,0,1,8,9,47.06,2023
Mikhail Maltsev,COL,5,0,0,0,0,0,0,4,1,0,4,0,2,2,14,13,51.85,2023
Patrik Nemeth,ARI,75,0,5,5,-7,15,30,62,45,32,116,30,13,118,0,0,0,2023
Guillaume Brisebois,VAN,17,1,2,3,-2,3,6,16,3,6,11,6,1,29,0,0,0,2023
Logan Brown,STL,31,2,4,6,-4,4,8,18,9,6,22,5,7,7,58,110,34.52,2023
Drake Caggiula,PIT,4,0,0,0,-1,0,0,2,0,1,6,0,1,1,0,1,0,2023
Beck Malenstyn,WSH,9,1,1,2,0,1,2,7,2,3,34,0,1,5,1,0,100,2023
Derick Brassard,OTT,63,12,10,22,3,14,28,91,21,25,90,24,16,10,143,143,50,2023
Ross Johnston,NYI,17,0,2,2,-1,10,37,2,2,3,34,1,1,5,1,0,100,2023
Liam Foudy,CBJ,62,7,7,14,-26,4,8,67,32,31,59,7,23,17,3,6,33.33,2023
Jacob MacDonald,COL,58,1,7,8,-15,9,21,73,34,28,66,33,9,37,0,0,0,2023
Jack Rathbone,VAN,11,1,1,2,-1,1,2,12,12,4,7,6,2,7,0,0,0,2023
Wayne Simmonds,TOR,19,0,2,2,1,16,49,9,6,5,44,0,3,7,4,0,100,2023
Kyle Clifford,TOR,2,0,1,1,1,1,2,2,2,1,6,0,0,0,0,0,0,2023
Chad Ruhwedel,PIT,51,1,5,6,-5,10,20,36,39,23,93,10,14,50,0,0,0,2023
Sebastian Aho,NYI,71,5,18,23,10,11,22,89,53,42,38,38,14,68,0,0,0,2023
Jacob Peterson,DAL,13,2,7,9,-12,2,4,20,10,13,12,3,0,5,1,1,50,2023
Michael Pezzetta,MTL,64,7,8,15,-6,25,77,69,27,18,239,17,4,28,8,12,40,2023
Joel Hanley,DAL,30,0,2,2,4,6,15,14,8,9,24,7,3,28,0,0,0,2023
Corey Schueneman,MTL,8,0,1,1,1,0,0,7,1,4,4,3,2,12,0,0,0,2023
Jon Merrill,MIN,73,2,10,12,-2,19,38,43,25,31,47,14,18,107,0,0,0,2023
Jake McCabe,CHI,76,3,22,25,21,19,56,96,50,39,163,42,32,154,0,0,0,2023
Casey Fitzgerald,BUF,29,0,3,3,-2,2,4,12,18,11,35,1,5,12,0,0,0,2023
Connor MacKey,CGY,30,3,4,7,-4,14,48,31,18,14,61,19,5,28,0,0,0,2023
Jordan Greenway,MIN,62,6,6,12,-6,13,26,100,48,43,107,13,12,39,2,12,14.29,2023
Kevin Bahl,N.J,43,2,6,8,4,12,35,27,32,20,64,12,8,38,0,0,0,2023
Joe Snively,WSH,13,2,2,4,3,0,0,16,2,5,4,5,4,6,2,1,66.67,2023
Connor McMichael,WSH,6,0,0,0,0,1,5,2,2,0,2,0,1,3,2,1,66.67,2023
Victor Mete,TOR,13,0,2,2,3,2,4,7,8,1,3,7,2,9,0,0,0,2023
Nicholas Robertson,TOR,15,2,3,5,2,0,0,27,12,9,18,5,7,7,2,1,66.67,2023
Matt Grzelcyk,BOS,75,4,22,26,45,14,28,102,52,47,51,33,13,78,0,0,0,2023
Calle Rosen,STL,50,8,10,18,18,4,8,62,34,19,16,25,10,51,0,0,0,2023
Josh Leivo,STL,51,4,12,16,0,6,15,91,37,35,55,10,30,13,3,4,42.86,2023
Axel Jonsson-Fjallby,WPG,50,6,8,14,-1,4,8,54,24,20,43,14,13,18,1,4,20,2023
Dylan Samberg,WPG,63,2,6,8,10,11,25,49,49,19,91,39,20,93,0,0,0,2023
Anton Blidh,COL,14,0,0,0,-2,2,4,9,2,2,18,0,1,2,1,3,25,2023
Jayson Megna,COL,55,2,6,8,-21,3,6,36,11,17,47,6,10,24,146,133,52.33,2023
Martin Kaut,COL,36,4,4,8,-4,2,4,44,22,22,23,4,12,5,2,4,33.33,2023
Matt Kiersted,FLA,21,1,4,5,4,2,6,14,16,7,13,7,1,7,0,0,0,2023
Lucas Carlsson,FLA,2,0,0,0,-1,1,2,2,1,1,3,1,0,1,0,0,0,2023
Markus Niemelainen,EDM,24,0,0,0,2,2,4,16,13,6,60,16,0,15,0,0,0,2023
Vinnie Hinostroza,BUF,27,2,9,11,-1,4,8,38,20,17,1,7,8,7,1,3,25,2023
Alexander Barabanov,S.J,68,15,32,47,-30,10,20,120,48,48,40,35,28,37,1,2,33.33,2023
Zack MacEwen,PHI,56,4,6,10,-12,21,66,74,34,31,150,13,13,28,15,14,51.72,2023
Nick Perbix,TBL,69,6,14,20,11,11,22,111,59,36,73,28,27,64,0,0,0,2023
Ian Cole,TBL,78,3,14,17,12,29,61,109,72,38,117,45,33,122,0,0,0,2023
Nick Blankenburg,CBJ,36,4,10,14,-17,8,16,50,33,21,61,13,12,49,0,0,0,2023
Ilya Mikheyev,VAN,46,13,14,27,4,1,2,94,26,21,13,10,13,14,3,8,27.27,2023
Tyler Myers,VAN,78,1,15,16,-16,30,76,101,76,40,94,50,25,144,0,0,0,2023
Jack Studnicka,BOS,49,4,3,7,-11,8,16,65,23,20,61,6,17,18,76,84,47.5,2023
Anton Stralman,BOS,8,0,0,0,-3,1,2,3,8,3,12,2,3,10,0,0,0,2023
Daniel Sprong,SEA,67,21,26,47,13,7,14,147,69,64,36,22,21,17,2,3,40,2023
Dylan Coghlan,CAR,18,0,3,3,-1,1,2,29,23,15,11,5,2,9,0,0,0,2023
Mason Shaw,MIN,59,7,10,17,0,19,69,92,39,22,87,18,17,27,15,13,53.57,2023
Filip Zadina,DET,30,3,4,7,-5,5,10,51,15,16,22,14,16,15,2,4,33.33,2023
Noah Juulsen,VAN,12,0,0,0,1,3,6,5,7,6,43,2,3,16,0,0,0,2023
Daniel Renouf,BOS,1,0,0,0,-3,0,0,5,0,0,1,1,0,2,0,0,0,2023
Juuso Valimaki,ARI,78,4,29,33,-9,24,59,92,59,42,52,48,16,100,0,0,0,2023
Sammy Blais,NYR,71,9,16,25,2,14,30,70,23,33,238,23,16,35,2,5,28.57,2023
Colton White,ANA,47,0,6,6,-18,4,8,30,18,9,34,12,7,36,0,0,0,2023
Brett Leason,ANA,54,6,3,9,-22,7,14,51,23,27,35,9,9,18,2,4,33.33,2023
Jason Dickinson,CHI,78,9,22,31,-29,14,28,114,54,41,112,36,54,80,370,402,47.93,2023
Kailer Yamamoto,EDM,58,10,15,25,12,12,24,97,21,20,77,17,45,24,6,7,46.15,2023
Warren Foegele,EDM,67,13,15,28,6,14,28,128,44,57,96,27,49,21,7,6,53.85,2023
Zach Sanford,NSH,16,2,1,3,-3,2,4,20,10,11,21,9,5,20,2,11,15.38,2023
Brayden Schenn,STL,82,21,43,64,-27,18,50,144,72,69,140,47,41,40,476,541,46.8,2023
Nathan Walker,STL,57,2,7,9,10,8,25,43,19,16,82,6,8,35,95,82,53.67,2023
Robert Bortuzzo,STL,43,2,3,5,9,13,29,30,17,12,64,12,7,49,0,0,0,2023
Ryan O'Reilly,STL,53,16,14,30,-20,8,16,102,33,28,18,10,46,22,499,396,55.75,2023
Brandon Saad,STL,71,19,18,37,-8,6,12,126,31,40,24,26,34,33,4,4,50,2023
Vladimir Tarasenko,STL,69,18,32,50,-15,4,8,169,71,64,75,27,23,35,0,2,0,2023
Ivan Barbashev,STL,82,16,29,45,1,17,42,126,43,50,183,41,50,45,55,88,38.46,2023
Niko Mikkola,STL,81,1,5,6,4,26,58,62,36,30,151,34,9,106,0,0,0,2023
Alexey Toropchenko,STL,69,10,9,19,5,6,12,85,27,17,122,23,18,46,2,6,25,2023
Robert Thomas,STL,73,18,47,65,-7,11,22,106,32,38,15,40,66,29,641,576,52.67,2023
Jake Neighbours,STL,43,6,4,10,-19,9,24,53,15,19,63,3,13,21,7,12,36.84,2023
Jordan Kyrou,STL,79,37,35,72,-37,11,22,272,112,87,14,55,54,34,5,9,35.71,2023
Nick Leddy,STL,78,2,20,22,3,10,20,79,46,39,43,34,43,95,0,0,0,2023
Colton Parayko,STL,79,4,23,27,-17,15,30,133,73,50,115,49,59,143,0,0,0,2023
Torey Krug,STL,63,7,25,32,-25,15,49,128,72,52,40,30,19,87,0,0,0,2023
Pavel Buchnevich,STL,63,26,42,68,15,14,36,123,44,58,54,31,35,23,65,150,30.23,2023
Noel Acciari,STL,77,14,8,22,-4,9,21,103,24,42,244,13,33,81,337,288,53.92,2023
Justin Faulk,STL,82,11,39,50,-5,17,34,194,100,57,112,58,51,142,0,0,0,2023
Simon Benoit,ANA,79,3,7,10,-29,21,48,82,53,38,216,35,9,127,0,0,0,2023
Cal Clutterbuck,NYI,49,6,6,12,9,11,30,45,14,21,194,15,10,33,1,4,20,2023
Oliver Wahlstrom,NYI,35,7,9,16,5,13,32,71,40,27,50,11,12,16,7,13,35,2023
Gabriel Fortier,TBL,1,0,0,0,0,0,0,0,0,0,1,0,0,0,0,0,0,2023
Nikita Zaitsev,OTT,46,1,7,8,-9,10,20,20,15,15,95,23,7,72,0,0,0,2023
Jonathan Drouin,MTL,59,2,27,29,-17,9,18,69,35,21,29,19,31,23,168,211,44.33,2023
Pius Suter,DET,79,14,10,24,-3,3,6,105,33,39,39,15,31,37,214,243,46.83,2023
Nico Hischier,N.J,81,30,50,80,32,5,10,256,74,85,34,41,64,61,890,765,53.78,2023
Fabian Zetterlund,N.J,67,6,17,23,-7,7,14,118,57,48,53,23,21,20,7,10,41.18,2023
Dylan Guenther,ARI,33,6,9,15,-8,5,10,54,34,21,18,15,10,11,2,2,50,2023
Trent Frederic,BOS,79,17,15,32,28,18,57,121,28,39,105,20,24,34,24,48,33.33,2023
Jackson Cates,PHI,5,0,0,0,0,0,0,4,2,2,3,0,1,1,9,10,47.37,2023
Olle Lycksell,PHI,9,0,1,1,-2,3,8,5,1,0,1,2,1,7,0,0,0,2023
Stefan Noesen,CAR,78,13,23,36,11,13,32,134,27,73,99,31,27,18,54,56,49.09,2023
Logan Stanley,WPG,19,1,2,3,-1,9,21,11,16,11,44,10,3,20,0,0,0,2023
Mark Scheifele,WPG,81,42,26,68,-16,12,43,206,60,94,50,44,61,38,580,627,48.05,2023
Libor Hajek,NYR,18,1,0,1,2,2,4,13,10,2,17,7,2,20,0,0,0,2023
Sam Gagner,WPG,48,8,5,13,-4,5,13,78,21,26,16,10,12,13,14,32,30.43,2023
Saku Maenalanen,WPG,64,4,6,10,1,8,16,61,20,29,112,16,23,31,3,5,37.5,2023
Brenden Dillon,WPG,82,2,21,23,0,27,76,83,78,43,198,47,18,106,0,0,0,2023
Josh Morrissey,WPG,78,16,59,75,3,19,41,172,131,92,89,59,36,118,0,0,0,2023
Cole Perfetti,WPG,51,8,22,30,11,8,16,91,37,31,35,18,19,23,3,8,27.27,2023
Morgan Barron,WPG,70,8,13,21,4,13,31,113,32,37,118,16,19,44,13,16,44.83,2023
Neal Pionk,WPG,82,10,23,33,-12,19,44,144,80,72,169,51,29,129,0,0,0,2023
Adam Lowry,WPG,82,13,22,35,3,15,48,125,27,56,161,24,27,46,595,585,50.42,2023
Kyle Connor,WPG,82,32,48,80,-12,10,20,275,117,106,43,40,44,25,2,6,25,2023
Dylan Demelo,WPG,75,5,23,28,11,25,50,92,58,43,120,46,20,102,0,0,0,2023
Pierre-Luc Dubois,WPG,73,27,36,63,7,37,77,205,72,102,71,47,40,47,484,502,49.09,2023
Mason Appleton,WPG,41,5,11,16,2,4,8,70,16,22,47,11,12,11,2,8,20,2023
Nate Schmidt,WPG,71,7,11,18,15,4,8,101,88,56,45,50,21,85,0,0,0,2023
Nikolaj Ehlers,WPG,45,12,26,38,-2,4,11,132,89,76,36,23,29,10,1,2,33.33,2023
David Gustafsson,WPG,46,0,6,6,2,3,6,45,17,10,25,9,14,18,103,105,49.52,2023
Blake Wheeler,WPG,72,16,38,54,-4,23,46,126,56,72,55,27,45,35,64,62,50.79,2023
Moritz Seider,DET,82,6,37,43,-13,20,40,141,95,62,207,46,29,190,0,0,0,2023
Lucas Raymond,DET,74,17,28,45,-17,11,24,134,72,39,43,27,33,20,5,11,31.25,2023
Michael Rasmussen,DET,56,10,20,30,2,20,43,86,29,33,119,8,18,48,204,195,51.13,2023
Dominik Kubalik,DET,81,20,25,45,-15,12,24,173,71,70,89,19,12,26,17,18,48.57,2023
David Perron,DET,82,23,32,55,-7,26,52,193,83,72,107,32,40,24,2,9,18.18,2023
Joe Veleno,DET,81,9,11,20,-13,15,30,85,41,20,152,17,30,44,275,376,42.24,2023
Ben Chiarot,DET,76,5,14,19,-30,24,51,110,76,45,147,19,9,163,0,0,0,2023
Elmer Soderblom,DET,21,5,3,8,0,4,8,30,10,6,21,3,9,11,1,3,25,2023
Tyler Bertuzzi,DET,50,8,22,30,-9,9,29,108,37,38,54,29,19,22,4,13,23.53,2023
Adam Erne,DET,61,8,10,18,-13,9,21,56,29,30,160,17,16,55,12,14,46.15,2023
Jakub Vrana,DET,25,11,5,16,3,5,10,63,21,23,14,9,9,6,2,5,28.57,2023
Oskar Sundqvist,DET,67,10,18,28,-4,14,28,69,28,28,63,20,17,27,27,36,42.86,2023
Dylan Larkin,DET,80,32,47,79,-8,17,45,246,115,104,47,47,56,27,736,619,54.32,2023
Andrew Copp,DET,82,9,33,42,3,11,25,119,42,42,32,44,26,45,645,654,49.65,2023
Gustav Lindstrom,DET,37,1,7,8,-16,10,20,18,19,12,39,17,1,34,0,0,0,2023
Robert Hagg,DET,38,2,5,7,-5,13,26,40,19,23,111,14,4,48,0,0,0,2023
Olli Maatta,DET,79,6,17,23,-10,7,14,62,46,29,78,38,24,129,0,0,0,2023
Filip Hronek,DET,64,9,29,38,5,13,34,124,91,44,102,32,12,58,0,0,0,2023
Kent Johnson,CBJ,79,15,24,39,-19,7,14,124,54,40,15,40,26,30,41,98,29.5,2023
Brandt Clarke,L.A,10,0,2,2,-1,3,6,11,5,5,3,3,1,14,0,0,0,2023
Brendan Lemieux,L.A,46,2,7,9,-3,24,74,44,21,14,131,6,6,15,7,7,50,2023
Morgan Geekie,SEA,69,9,19,28,14,9,24,79,16,34,53,14,29,33,296,309,48.93,2023
Reese Johnson,CHI,57,4,2,6,-15,12,38,53,17,19,178,7,13,23,120,106,53.1,2023
William Carrier,VGK,57,16,9,25,15,15,30,118,28,25,133,8,19,22,1,7,12.5,2023
Nicolas Hague,VGK,81,3,14,17,7,17,53,104,92,55,121,26,19,134,0,0,0,2023
Caleb Jones,CHI,73,4,12,16,-19,20,40,84,69,40,116,49,29,117,0,0,0,2023
Kevin Rooney,CGY,17,0,1,1,-2,2,7,14,6,7,26,3,4,10,44,61,41.9,2023
Nazem Kadri,CGY,82,24,31,55,-18,20,56,273,111,116,101,51,34,31,590,657,47.31,2023
Elias Lindholm,CGY,80,23,41,64,7,7,14,186,76,79,98,33,42,49,860,678,55.92,2023
Milan Lucic,CGY,77,7,12,19,-11,16,43,72,36,37,168,27,29,15,17,22,43.59,2023
Trevor Lewis,CGY,82,9,10,19,-7,9,18,144,36,44,158,13,29,33,131,178,42.39,2023
Chris Tanev,CGY,65,1,12,13,8,9,21,75,64,24,51,34,24,130,0,0,0,2023
Tyler Toffoli,CGY,82,34,40,74,17,12,28,268,113,97,59,32,41,14,7,5,58.33,2023
Brett Ritchie,CGY,52,8,5,13,-1,11,25,68,22,21,77,18,10,9,2,2,50,2023
Nikita Zadorov,CGY,82,14,8,22,12,32,80,130,93,43,174,57,31,75,0,0,0,2023
Andrew Mangiapane,CGY,82,17,26,43,12,20,40,182,87,74,86,32,48,26,5,9,35.71,2023
Noah Hanifin,CGY,81,7,31,38,0,14,33,179,128,84,76,54,58,130,0,0,0,2023
Rasmus Andersson,CGY,79,11,39,50,3,13,26,160,81,64,50,54,29,138,0,0,0,2023
MacKenzie Weegar,CGY,81,4,27,31,14,20,43,163,132,73,189,62,39,121,0,0,0,2023
Mikael Backlund,CGY,82,19,36,55,23,17,36,262,80,85,98,44,61,33,716,694,50.78,2023
Jonathan Huberdeau,CGY,79,15,39,54,3,17,34,126,48,59,65,62,34,27,5,10,33.33,2023
Dillon Dube,CGY,82,18,27,45,-6,18,47,151,60,56,137,28,24,21,45,55,45,2023
Blake Coleman,CGY,82,18,20,38,8,25,54,188,68,76,109,32,36,40,21,22,48.84,2023
Michael Stone,CGY,48,6,5,11,3,16,35,92,76,39,54,15,6,59,0,0,0,2023
Miro Heiskanen,DAL,79,11,62,73,12,16,32,205,160,75,49,65,53,96,0,0,0,2023
Joel Kiviranta,DAL,70,8,1,9,-10,18,40,85,31,28,117,13,29,20,3,7,30,2023
Nils Lundkvist,DAL,60,6,10,16,-5,13,26,94,67,35,49,32,6,68,0,0,0,2023
Tyler Seguin,DAL,76,21,29,50,2,12,24,192,47,65,85,36,29,24,483,397,54.89,2023
Jani Hakanpaa,DAL,33,4,4,8,9,15,36,31,31,24,91,19,4,54,0,0,0,2023
Joe Pavelski,DAL,82,28,48,76,42,4,8,185,74,78,93,57,32,64,367,321,53.34,2023
Jason Robertson,DAL,82,46,63,109,38,10,20,309,152,98,57,67,62,19,0,1,0,2023
Wyatt Johnston,DAL,82,24,17,41,6,10,20,163,73,49,23,56,48,32,147,196,42.86,2023
Denis Gurianov,DAL,66,7,10,17,-9,5,10,116,59,52,43,34,16,27,0,1,0,2023
TY Dellandrea,DAL,82,9,19,28,9,23,54,93,40,42,125,25,22,40,102,98,51,2023
Michael McCarron,NSH,34,2,2,4,-3,9,24,39,16,17,75,2,7,20,63,43,59.43,2023
Mason Marchment,DAL,68,12,18,30,-6,29,80,149,54,62,88,41,38,39,10,15,40,2023
Radek Faksa,DAL,81,11,9,20,8,18,39,86,22,33,90,18,26,69,309,243,55.98,2023
Luke Glendening,DAL,70,3,3,6,-9,13,40,65,28,43,114,8,11,60,357,249,58.91,2023
Colin Miller,DAL,79,6,15,21,22,17,37,109,103,64,108,48,29,69,0,0,0,2023
Roope Hintz,DAL,74,37,38,75,32,15,30,184,65,67,47,38,26,44,249,230,51.98,2023
Ryan Suter,DAL,82,3,21,24,-1,13,26,93,85,61,81,45,23,116,0,0,0,2023
Jamie Benn,DAL,82,33,46,79,23,14,34,190,78,61,96,48,55,38,518,344,60.09,2023
Esa Lindell,DAL,82,8,16,24,31,5,10,116,82,33,86,56,31,147,0,0,0,2023
Tyson Jost,MIN,71,7,18,25,-13,14,34,98,32,44,61,8,24,32,175,276,38.8,2023
Marco Rossi,MIN,20,0,1,1,-7,4,8,13,7,8,6,2,5,9,69,77,47.26,2023
Sam Steel,MIN,65,10,18,28,11,9,18,84,30,34,46,22,21,15,308,324,48.73,2023
Jonas Brodin,MIN,61,3,11,14,12,15,30,91,56,35,50,23,27,130,0,0,0,2023
Mats Zuccarello,MIN,78,22,46,68,-2,13,26,201,104,82,51,44,45,51,24,36,40,2023
Ryan Hartman,MIN,59,15,21,36,7,34,90,149,50,75,62,32,30,48,243,321,43.09,2023
Alex Goligoski,MIN,48,2,4,6,-8,8,16,64,42,12,33,17,9,69,0,0,0,2023
Kirill Kaprizov,MIN,67,42,34,76,6,17,37,271,127,112,66,54,50,28,2,3,40,2023
Matt Dumba,MIN,80,4,10,14,-9,31,81,99,98,61,104,35,17,116,0,0,0,2023
Jared Spurgeon,MIN,79,11,23,34,33,7,14,149,77,63,66,20,15,180,0,0,0,2023
Matt Boldy,MIN,81,31,32,63,1,18,39,255,107,125,65,42,51,27,77,64,54.61,2023
Calen Addison,MIN,63,3,26,29,-17,11,22,79,49,29,19,21,10,38,0,0,0,2023
Joel Eriksson Ek,MIN,78,23,37,60,4,22,44,246,61,88,119,14,44,55,683,702,49.31,2023
Connor Dewar,MIN,81,6,12,18,-5,13,40,87,45,38,124,10,18,50,222,281,44.14,2023
Marcus Foligno,MIN,66,7,14,21,-6,26,97,83,28,41,237,25,27,40,7,7,50,2023
Dryden Hunt,NYR,37,3,0,3,-10,8,24,23,9,10,100,2,5,4,1,2,33.33,2023
Brandon Duhaime,MIN,51,9,1,10,6,15,42,81,24,35,146,10,19,18,4,10,28.57,2023
Jacob Middleton,MIN,15,1,3,4,5,7,14,20,10,6,17,6,3,24,0,0,0,2023
Frederick Gaudreau,MIN,82,19,19,38,10,5,10,137,38,30,42,21,42,52,501,515,49.31,2023
Josh Mahura,FLA,82,4,12,16,16,15,38,80,76,41,101,25,12,71,0,0,0,2023
Anton Lundell,FLA,75,12,21,33,1,19,43,152,63,42,29,41,37,32,269,309,46.54,2023
Aleksander Barkov,FLA,69,23,54,77,11,4,8,208,65,72,52,38,56,47,732,602,54.87,2023
Casey Cizikas,NYI,81,6,15,21,1,20,49,109,40,38,188,28,35,58,500,439,53.25,2023
Kieffer Bellows,NYI,30,3,1,4,-8,3,6,32,21,9,48,8,5,10,3,15,16.67,2023
Kyle Palmieri,NYI,55,16,16,32,13,12,24,121,58,59,76,20,13,18,9,16,36,2023
Anthony Beauvillier,NYI,82,18,22,40,-10,11,24,175,52,57,78,34,31,30,3,10,23.08,2023
Matthew Tkachuk,FLA,79,40,69,109,27,36,113,316,113,99,68,62,38,33,13,16,44.83,2023
Colin White,FLA,69,8,7,15,-1,6,12,64,24,26,61,16,14,29,84,111,43.08,2023
Mathew Barzal,NYI,58,14,38,52,7,11,22,139,59,56,25,68,48,33,105,188,35.84,2023
Zach Parise,NYI,82,20,12,32,7,12,24,181,45,48,89,25,18,82,12,18,40,2023
Brandon Montour,FLA,80,16,56,72,8,32,107,244,118,95,92,51,33,94,0,0,0,2023
Patric Hornqvist,FLA,22,1,1,2,-3,5,13,40,11,15,18,0,5,8,1,5,16.67,2023
Carter Verhaeghe,FLA,81,42,32,74,11,24,48,275,116,77,29,56,34,31,20,21,48.78,2023
Jean-Gabriel Pageau,NYI,70,13,27,40,-2,7,14,123,30,49,175,35,33,62,717,535,57.27,2023
Ryan Pulock,NYI,82,5,21,26,10,7,14,126,112,59,140,37,22,127,0,0,0,2023
Marc Staal,FLA,82,3,13,16,8,16,43,53,57,46,151,25,14,120,0,0,0,2023
Eetu Luostarinen,FLA,82,17,24,41,17,12,28,133,53,56,64,43,47,53,175,243,41.87,2023
Adam Pelech,NYI,61,6,15,21,14,18,36,98,78,55,77,38,31,108,0,0,0,2023
Alexander Romanov,NYI,76,2,20,22,13,20,43,100,101,34,198,54,25,129,0,0,0,2023
Nick Cousins,FLA,79,9,19,28,-3,16,38,101,39,35,87,18,20,36,71,74,48.97,2023
Nikita Soshnikov,NYI,3,0,0,0,-2,0,0,4,1,4,8,1,0,0,0,1,0,2023
Ryan Lomberg,FLA,82,12,7,19,-1,29,83,132,28,55,149,13,30,25,15,15,50,2023
Radko Gudas,FLA,74,2,15,17,12,35,79,108,82,54,312,36,20,131,0,0,0,2023
Gustav Forsling,FLA,82,13,29,42,17,20,40,209,139,65,69,47,40,101,0,0,0,2023
Rudolfs Balcers,FLA,17,3,2,5,-1,2,4,24,10,4,7,4,2,4,0,2,0,2023
Josh Bailey,NYI,64,8,17,25,3,1,2,72,21,23,11,47,21,31,41,55,42.71,2023
Noah Dobson,NYI,78,13,36,49,4,10,20,206,172,102,60,49,39,105,0,0,0,2023
Sam Reinhart,FLA,82,31,36,67,-12,7,22,224,77,101,58,38,35,50,236,228,50.86,2023
Brock Nelson,NYI,82,37,38,75,14,12,24,223,118,76,50,40,48,42,490,547,47.25,2023
Anders Lee,NYI,82,28,21,49,-2,22,50,211,33,89,125,35,25,57,27,24,52.94,2023
Aaron Ekblad,FLA,71,14,24,38,-16,29,68,217,93,67,77,64,29,80,0,0,0,2023
Scott Mayfield,NYI,82,6,19,25,8,30,73,119,122,54,107,64,21,168,1,0,100,2023
Sam Bennett,FLA,65,16,23,39,2,26,54,189,67,61,150,40,38,35,427,477,47.23,2023
Robin Salo,NYI,11,2,2,4,1,2,4,9,9,1,6,6,1,13,0,0,0,2023
Matt Martin,NYI,81,7,12,19,3,17,63,81,39,41,295,20,15,42,9,18,33.33,2023
Ilya Lyubushkin,BUF,68,2,12,14,-2,19,38,41,25,11,99,20,27,101,0,0,0,2023
Peyton Krebs,BUF,74,9,17,26,-9,21,50,76,32,31,93,28,19,19,252,304,45.32,2023
Mark Kastelic,OTT,66,7,4,11,-5,23,102,73,19,27,154,15,19,36,335,254,56.88,2023
Tim StÜtzle,OTT,78,39,51,90,-1,27,54,229,119,93,114,61,61,51,202,284,41.56,2023
Henri Jokiharju,BUF,60,3,9,12,-13,15,30,79,50,24,63,33,20,58,0,0,0,2023
Rasmus Dahlin,BUF,78,15,57,72,12,42,92,204,110,63,105,61,45,135,0,0,0,2023
Tyler Motte,OTT,62,8,10,18,4,3,6,106,43,31,118,27,29,61,21,30,41.18,2023
Dylan Cozens,BUF,81,31,37,68,-2,18,39,212,62,62,55,20,36,31,567,607,48.3,2023
Rasmus Asplund,BUF,46,2,6,8,-6,2,4,54,8,14,23,4,8,11,22,33,40,2023
Thomas Chabot,OTT,69,11,29,40,-11,27,54,168,126,64,79,65,19,122,0,0,0,2023
Alex Debrincat,OTT,82,27,39,66,-30,13,45,263,124,85,109,39,44,38,10,9,52.63,2023
Zemgus Girgensons,BUF,80,10,8,18,-5,7,14,114,35,53,96,8,22,48,94,112,45.63,2023
Travis Hamonic,OTT,76,6,16,22,-5,30,71,135,98,44,109,64,22,143,0,0,0,2023
Austin Watson,OTT,75,9,2,11,-6,30,123,79,24,36,165,21,19,60,7,8,46.67,2023
Kyle Okposo,BUF,76,11,17,28,-7,17,34,150,50,40,78,22,28,24,164,187,46.72,2023
Alex Tuch,BUF,74,36,43,79,15,10,20,219,55,91,54,38,63,46,32,43,42.67,2023
Josh Norris,OTT,8,2,1,3,-1,3,6,15,9,7,7,3,6,6,34,23,59.65,2023
Jake Sanderson,OTT,77,4,28,32,-7,6,12,131,87,60,43,52,33,146,0,0,0,2023
Artem Zub,OTT,53,3,7,10,2,18,39,41,46,22,132,31,8,67,0,0,0,2023
Shane Pinto,OTT,82,20,15,35,-21,9,18,158,48,63,71,32,38,50,448,414,51.97,2023
Mathieu Joseph,OTT,56,3,15,18,5,14,36,67,30,29,80,18,24,28,3,6,33.33,2023
Tage Thompson,BUF,78,47,47,94,5,18,39,297,133,117,55,40,43,26,350,465,42.94,2023
Drake Batherson,OTT,82,22,39,61,-35,15,33,249,80,113,115,38,38,35,13,25,34.21,2023
Jeff Skinner,BUF,80,35,47,82,16,13,29,240,102,88,21,46,41,14,143,155,47.99,2023
Brady Tkachuk,OTT,82,35,48,83,-10,39,126,345,72,140,242,51,30,8,371,394,48.5,2023
Parker Kelly,OTT,56,1,3,4,-9,14,37,59,21,20,172,12,18,26,6,6,50,2023
Victor Olofsson,BUF,76,28,12,40,-22,2,4,161,64,48,16,22,24,15,1,5,16.67,2023
Casey Mittelstadt,BUF,82,15,44,59,-9,7,22,134,50,43,30,42,50,17,338,399,45.86,2023
Nick Holden,OTT,65,2,13,15,1,5,10,73,50,27,79,31,10,68,0,0,0,2023
Mattias Samuelsson,BUF,55,2,8,10,14,10,20,76,34,26,107,21,21,91,0,0,0,2023
Claude Giroux,OTT,82,35,42,77,6,17,34,212,65,78,75,32,52,30,714,505,58.57,2023
Jacob Bryson,BUF,61,1,8,9,-24,4,8,27,18,13,34,8,13,70,0,0,0,2023
JJ Peterka,BUF,77,12,20,32,-16,12,26,125,58,55,18,19,22,10,5,4,55.56,2023
Owen Power,BUF,80,4,32,36,12,12,24,130,68,31,27,51,25,85,0,0,0,2023
Erik Brannstrom,OTT,74,3,15,18,5,19,38,75,90,36,49,48,28,100,0,0,0,2023
Jack Quinn,BUF,75,14,22,36,-8,6,15,127,70,60,43,30,28,19,11,22,33.33,2023
Joel Farabee,PHI,82,15,24,39,-1,16,41,144,66,47,71,39,25,45,16,29,35.56,2023
Owen Tippett,PHI,77,27,22,49,-18,8,16,231,101,83,125,25,44,69,19,11,63.33,2023
Tomas Tatar,N.J,82,20,28,48,41,15,30,149,63,62,65,35,35,29,18,26,40.91,2023
Yegor Sharangovich,N.J,76,13,17,30,-3,8,16,132,53,52,22,30,40,41,25,53,32.05,2023
Tanner Laczynski,PHI,32,2,1,3,-5,1,2,23,13,8,30,3,10,9,50,47,51.55,2023
Dougie Hamilton,N.J,82,23,52,75,23,25,50,277,182,103,64,74,21,87,0,0,0,2023
Nicolas Deslauriers,PHI,81,6,6,12,-11,31,136,70,24,37,305,8,13,26,3,8,27.27,2023
Ryan Graves,N.J,78,8,18,26,34,14,28,141,106,42,83,47,23,153,0,0,0,2023
Michael McLeod,N.J,80,4,22,26,7,13,43,90,41,32,127,29,31,51,587,381,60.64,2023
Tony Deangelo,PHI,70,11,31,42,-27,19,65,173,71,42,52,57,25,78,0,0,0,2023
Ivan Provorov,PHI,82,6,21,27,-16,12,24,115,82,59,97,85,34,160,0,0,0,2023
Nathan Bastian,N.J,43,6,9,15,8,11,31,63,13,27,100,6,11,38,11,26,29.73,2023
Travis Konecny,PHI,60,30,31,61,-10,29,77,190,86,81,55,26,34,37,29,31,48.33,2023
Miles Wood,N.J,76,13,15,28,0,26,76,165,50,59,100,33,16,19,1,5,16.67,2023
Jesper Bratt,N.J,82,32,41,73,14,3,6,212,78,91,24,44,41,23,0,0,0,2023
James Van Riemsdyk,PHI,61,12,16,28,-3,14,28,118,36,42,18,10,24,20,7,7,50,2023
Travis Sanheim,PHI,81,7,16,23,-6,20,40,111,54,42,61,42,22,137,0,0,0,2023
Morgan Frost,PHI,82,19,26,45,-13,12,24,155,71,51,85,26,38,53,437,514,45.95,2023
Jesper Boqvist,N.J,70,10,11,21,8,1,2,67,41,28,50,28,22,20,67,132,33.67,2023
Egor Zamula,PHI,14,0,4,4,0,1,2,9,10,2,9,9,2,13,0,0,0,2023
Alexander Holtz,N.J,19,3,1,4,-6,4,8,21,14,12,6,7,3,4,0,0,0,2023
Noah Cates,PHI,82,13,25,38,3,6,12,107,47,44,86,13,60,64,416,638,39.47,2023
Ondrej Palat,N.J,49,8,15,23,4,3,6,79,40,30,70,25,22,44,0,9,0,2023
Hayden Hodgson,PHI,1,0,0,0,0,0,0,0,0,0,0,0,0,0,0,0,0,2023
Brendan Smith,N.J,60,0,5,5,3,27,63,57,45,25,102,31,25,77,0,0,0,2023
Jonas Siegenthaler,N.J,80,4,17,21,26,22,44,84,55,51,101,36,29,149,0,0,0,2023
Wade Allison,PHI,60,9,6,15,-4,11,36,88,25,43,190,7,20,63,1,5,16.67,2023
Nick Seeler,PHI,78,4,10,14,1,22,56,84,54,25,126,24,9,162,0,0,0,2023
Kevin Hayes,PHI,81,18,36,54,-23,10,23,210,90,86,52,35,40,23,335,340,49.63,2023
Scott Laughton,PHI,78,19,24,43,-8,21,50,171,60,47,155,42,35,56,510,567,47.35,2023
Jack Hughes,N.J,78,43,56,99,11,3,6,336,131,85,13,86,60,31,164,302,35.19,2023
Erik Haula,N.J,80,14,26,40,12,21,47,163,59,71,92,30,49,54,573,483,54.26,2023
Justin Braun,PHI,54,0,2,2,-1,8,19,42,32,26,47,10,10,49,0,0,0,2023
John Marino,N.J,64,4,14,18,22,10,20,67,53,24,44,38,43,81,0,0,0,2023
Damon Severson,N.J,81,7,26,33,10,15,38,102,100,43,44,41,28,116,0,0,0,2023
Dawson Mercer,N.J,82,27,29,56,23,7,14,160,59,55,36,35,22,61,70,94,42.68,2023
Liam O'Brien,ARI,56,3,8,11,-4,32,114,39,18,17,203,20,6,28,4,11,26.67,2023
Pierre-Olivier Joseph,PIT,77,5,16,21,8,21,44,109,83,30,88,33,38,35,0,0,0,2023
J.J. Moser,ARI,82,7,24,31,-13,15,33,93,84,35,80,43,14,136,0,0,0,2023
Dysin Mayo,ARI,15,0,0,0,-8,4,8,7,3,5,30,8,2,19,0,0,0,2023
Danton Heinen,PIT,67,8,14,22,-5,6,12,95,38,29,76,16,24,25,2,3,40,2023
Rickard Rakell,PIT,82,28,32,60,-5,8,16,247,98,96,141,43,29,54,10,13,43.48,2023
Nick Schmaltz,ARI,63,22,37,59,3,10,20,132,58,61,12,54,61,28,41,59,41,2023
Zack Kassian,ARI,51,2,0,2,-17,14,50,25,11,9,32,19,9,8,3,5,37.5,2023
Jack McBain,ARI,82,12,14,26,-5,26,64,85,31,33,304,30,26,51,370,469,44.1,2023
Jason Zucker,PIT,78,27,21,48,-2,17,47,198,55,85,198,39,35,28,4,11,26.67,2023
Jake Guentzel,PIT,78,36,38,74,1,22,46,244,103,105,84,48,45,47,8,8,50,2023
Brian Dumoulin,PIT,82,1,24,25,-5,8,16,82,70,39,123,40,36,141,0,0,0,2023
Marcus Pettersson,PIT,68,1,23,24,5,22,58,96,67,53,133,43,25,129,0,0,0,2023
Brock McGinn,PIT,76,12,7,19,-7,9,21,91,26,38,83,19,23,43,4,10,28.57,2023
Kris Letang,PIT,65,12,28,40,-12,15,30,160,150,63,162,84,47,108,0,0,0,2023
Jeff Petry,PIT,62,5,27,32,3,12,24,113,89,52,190,36,23,110,0,0,0,2023
Matias MacCelli,ARI,64,11,38,49,1,9,18,61,46,24,24,46,23,20,0,7,0,2023
Ryan Poehling,PIT,55,7,7,14,-2,4,8,64,16,30,57,4,29,42,186,224,45.37,2023
Troy Stecher,ARI,81,3,11,14,-7,19,44,87,69,25,71,38,21,92,0,0,0,2023
Clayton Keller,ARI,82,37,50,87,-1,19,49,223,80,78,18,63,58,34,22,41,34.92,2023
Christian Fischer,ARI,80,13,14,27,-7,10,20,122,41,40,125,32,19,38,9,40,18.37,2023
Barrett Hayton,ARI,82,19,24,43,-5,20,42,177,44,58,83,41,35,33,629,601,51.14,2023
Josh Brown,ARI,69,4,3,7,-16,25,87,67,23,37,151,29,10,119,0,0,0,2023
Lawson Crouse,ARI,77,24,21,45,-3,16,35,152,53,54,194,32,32,57,33,49,40.24,2023
Conor Timmins,ARI,30,2,12,14,-1,4,8,19,25,8,22,17,6,17,0,0,0,2023
Nick Ritchie,ARI,74,13,13,26,-22,24,51,120,37,39,218,19,8,32,2,10,16.67,2023
Nick Bjugstad,ARI,78,17,12,29,10,17,34,146,35,66,168,31,33,43,529,579,47.74,2023
Evgeni Malkin,PIT,82,27,56,83,-11,32,72,240,102,72,53,105,82,32,420,436,49.07,2023
Bryan Rust,PIT,81,20,26,46,-3,14,31,212,63,88,98,58,37,50,5,5,50,2023
Kasperi Kapanen,PIT,68,15,19,34,-9,9,18,116,31,28,99,20,17,20,30,49,37.97,2023
Josh Archibald,PIT,62,6,7,13,6,15,41,71,17,24,195,5,14,28,1,3,25,2023
Sidney Crosby,PIT,82,33,60,93,9,18,52,254,95,94,71,67,59,47,977,869,52.93,2023
Travis Boyd,ARI,82,15,19,34,-31,13,26,93,33,40,39,34,35,58,503,654,43.47,2023
Jan Rutta,PIT,57,3,6,9,1,15,30,62,49,26,71,21,13,70,0,0,0,2023
Shayne Gostisbehere,ARI,75,13,28,41,-6,13,34,155,105,75,47,55,32,89,0,0,0,2023
Jeff Carter,PIT,79,13,16,29,-17,14,30,139,55,43,80,33,26,54,560,379,59.64,2023
Elias Pettersson,VAN,80,41,61,102,18,7,14,260,115,116,74,47,56,88,443,554,44.43,2023
Oliver Ekman-Larsson,VAN,54,3,19,22,-24,11,22,94,67,36,60,26,11,45,0,0,0,2023
Nils Aman,VAN,68,4,12,16,-11,9,18,50,11,21,44,7,9,39,182,293,38.32,2023
Derek Ryan,EDM,80,13,7,20,11,14,28,92,28,30,54,15,42,42,217,217,50,2023
Andrei Kuzmenko,VAN,81,38,35,73,11,4,8,143,65,66,13,29,32,18,0,1,0,2023
Brad Malone,EDM,10,0,0,0,-4,3,6,7,5,2,26,1,3,4,26,19,57.78,2023
Tyson Barrie,EDM,85,13,42,55,-7,18,36,164,108,57,55,48,33,89,0,0,0,2023
Connor McDavid,EDM,82,65,90,155,24,18,36,356,88,91,90,77,84,40,530,493,51.81,2023
Kyle Burroughs,VAN,51,2,3,5,-5,21,69,47,36,12,171,13,5,85,0,1,0,2023
Darnell Nurse,EDM,82,12,30,42,26,28,64,204,131,69,146,76,42,163,0,0,0,2023
Brock Boeser,VAN,75,19,37,56,-22,12,24,182,68,67,50,21,23,33,24,36,40,2023
Zach Hyman,EDM,79,36,47,83,12,18,39,278,62,91,77,29,33,19,6,6,50,2023
Conor Garland,VAN,81,17,29,46,-9,10,31,167,45,68,47,37,47,20,3,11,21.43,2023
Curtis Lazar,VAN,49,3,2,5,-6,9,21,55,17,15,138,5,15,51,140,132,51.47,2023
Devin Shore,EDM,49,1,8,9,6,2,4,33,13,15,46,12,14,24,86,89,49.14,2023
Cody Ceci,EDM,80,1,14,15,11,12,24,88,68,36,139,39,20,109,0,0,0,2023
Nils Hoglander,VAN,25,3,6,9,-4,3,6,29,18,11,21,9,9,8,1,1,50,2023
Dakota Joshua,VAN,79,11,12,23,-15,20,60,72,16,18,222,13,31,30,23,20,53.49,2023
Jesse Puljujarvi,EDM,75,5,11,16,-15,13,32,126,49,53,139,20,24,26,0,2,0,2023
Evan Bouchard,EDM,82,8,32,40,4,14,28,157,161,64,95,73,66,78,0,0,0,2023
Vasily Podkolzin,VAN,39,4,3,7,-5,3,9,41,6,23,52,16,8,15,7,9,43.75,2023
Riley Stillman,VAN,52,1,7,8,-12,12,36,37,45,24,83,14,6,44,0,0,0,2023
Evander Kane,EDM,41,16,12,28,-5,25,53,150,67,47,127,32,15,15,12,22,35.29,2023
Ryan McLeod,EDM,58,11,11,22,2,9,18,78,35,31,40,41,23,20,287,309,48.15,2023
Bo Horvat,VAN,79,36,33,69,-3,9,18,226,56,70,57,37,38,54,970,729,57.09,2023
Ryan Nugent-Hopkins,EDM,82,38,69,107,13,15,35,203,63,64,48,31,57,26,311,376,45.27,2023
Ryan Murray,EDM,14,0,3,3,-5,2,4,8,5,4,11,7,0,11,0,0,0,2023
Quinn Hughes,VAN,78,7,68,75,16,17,34,155,147,65,29,45,56,71,1,0,100,2023
Tanner Pearson,VAN,14,1,4,5,-9,9,21,17,3,10,20,1,5,3,7,11,38.89,2023
Luke Schenn,VAN,70,4,17,21,11,29,84,85,63,37,322,34,11,99,0,0,0,2023
Leon Draisaitl,EDM,80,53,76,129,7,12,24,248,77,103,66,103,79,39,817,669,54.98,2023
Tucker Poolman,VAN,3,0,1,1,1,0,0,3,1,0,2,1,1,2,0,0,0,2023
J.T. Miller,VAN,81,33,52,85,-9,24,60,225,92,87,201,46,58,54,486,400,54.85,2023
Brett Kulak,EDM,82,3,17,20,13,19,41,113,69,29,105,40,27,104,0,0,0,2023
Dylan Holloway,EDM,51,3,6,9,-1,11,27,44,15,23,83,18,11,16,23,39,37.1,2023
Brandon Tanev,SEA,82,16,19,35,22,15,44,114,27,51,190,25,34,68,3,22,12,2023
Shane Wright,SEA,8,2,1,3,4,1,2,7,2,5,1,2,1,7,13,26,33.33,2023
Frank Vatrano,ANA,81,22,19,41,-28,21,66,231,60,62,86,34,21,74,7,10,41.18,2023
Adam Henrique,ANA,62,22,16,38,-6,11,22,129,47,45,28,34,26,46,340,327,50.97,2023
Jamie Oleksiak,SEA,76,9,16,25,11,23,64,79,54,33,127,39,43,115,0,0,0,2023
Jordan Eberle,SEA,82,20,42,62,7,16,34,181,76,70,44,33,56,25,34,43,44.16,2023
Dmitry Kulikov,ANA,67,3,13,16,-13,17,34,84,45,21,96,45,19,106,0,1,0,2023
Derek Grant,ANA,46,5,13,18,-4,12,26,71,24,27,36,14,18,27,270,223,54.77,2023
Will Borgen,SEA,82,3,17,20,11,19,47,75,54,38,202,23,14,89,0,0,0,2023
Alex Wennberg,SEA,82,13,25,38,-6,9,20,101,29,35,43,26,84,64,622,751,45.3,2023
Ryan Strome,ANA,82,15,27,42,-29,31,79,130,40,36,29,49,29,23,400,519,43.53,2023
Cam Fowler,ANA,82,10,38,48,-21,8,14,130,113,51,18,48,34,103,0,0,0,2023
Ryan Donato,SEA,71,14,13,27,16,16,46,122,46,34,69,15,36,12,61,86,41.5,2023
Adam Larsson,SEA,82,8,24,32,29,22,47,144,91,65,222,30,32,173,0,0,0,2023
Jaden Schwartz,SEA,71,21,19,40,-17,11,22,167,70,54,55,31,44,25,75,83,47.47,2023
Jamie Drysdale,ANA,8,0,0,0,-3,1,2,8,6,4,7,3,0,6,0,0,0,2023
John Klingberg,ANA,67,10,23,33,-25,17,34,112,101,59,55,46,22,86,0,0,0,2023
Mason McTavish,ANA,80,17,26,43,-21,21,44,161,54,55,55,32,29,36,306,417,42.32,2023
Trevor Zegras,ANA,81,23,41,64,-26,30,76,184,112,73,46,75,31,29,236,337,41.19,2023
Matty Beniers,SEA,80,24,34,58,14,2,4,148,53,68,79,48,55,48,412,557,42.52,2023
Nathan Beaulieu,ANA,55,0,4,4,-23,12,39,33,32,15,49,16,10,81,0,0,0,2023
Pavol Regenda,ANA,15,1,2,3,-3,2,4,17,3,10,8,5,4,13,1,1,50,2023
Isac Lundestrom,ANA,61,4,10,14,-13,1,2,60,23,21,20,13,23,42,285,317,47.34,2023
Jakob Silfverberg,ANA,82,10,16,26,-19,16,32,139,40,50,10,19,28,50,18,34,34.62,2023
Karson Kuhlman,SEA,49,3,4,7,-5,4,8,48,36,30,41,12,15,18,1,5,16.67,2023
Max Jones,ANA,69,9,9,18,-22,30,77,107,43,34,110,18,22,18,10,12,45.45,2023
Carson Soucy,SEA,78,3,12,15,18,27,68,87,65,43,144,32,29,96,0,0,0,2023
Kevin Shattenkirk,ANA,75,4,23,27,-20,24,56,144,88,44,79,33,31,114,0,0,0,2023
Troy Terry,ANA,70,23,38,61,-4,11,22,188,69,94,12,27,43,21,2,0,100,2023
Andre Burakovsky,SEA,49,13,27,40,-8,7,14,104,58,42,17,17,31,15,0,6,0,2023
Oliver Bjorkstrand,SEA,81,20,25,45,2,8,16,198,59,101,63,21,56,38,18,41,30.51,2023
Jared McCann,SEA,79,40,30,70,18,7,14,210,108,78,65,28,56,28,26,53,32.91,2023
Vince Dunn,SEA,81,14,49,63,30,25,55,149,108,75,115,54,50,81,0,0,0,2023
Yanni Gourde,SEA,81,14,34,48,24,27,76,142,44,59,117,27,65,53,482,489,49.64,2023
Justin Schultz,SEA,73,7,28,35,3,19,38,95,85,32,30,24,14,72,0,0,0,2023
Max Comtois,ANA,66,9,10,19,-23,19,66,89,19,32,81,36,11,27,23,21,52.27,2023
Bowen Byram,COL,43,10,14,24,6,16,38,66,46,29,82,20,13,54,0,0,0,2023
Alec Regula,CHI,4,0,0,0,-3,2,4,2,4,1,4,7,1,8,0,0,0,2023
Philipp Kurashev,CHI,70,9,16,25,-32,7,14,114,52,41,38,23,42,34,84,106,44.21,2023
Taylor Raddysh,CHI,78,20,17,37,-28,8,16,129,43,52,82,29,33,38,10,8,55.56,2023
Nathan MacKinnon,COL,72,42,68,110,27,15,30,367,148,115,53,47,43,40,518,649,44.39,2023
Sam Lafferty,CHI,72,12,15,27,-10,13,37,102,29,32,125,34,27,34,248,236,51.24,2023
Kurtis MacDermid,COL,44,1,5,6,-1,20,55,20,23,8,85,8,6,32,0,1,0,2023
Mikko Rantanen,COL,82,55,50,105,15,33,82,306,131,122,77,45,61,41,222,230,49.12,2023
Samuel Girard,COL,76,6,31,37,-10,8,16,119,113,36,67,36,42,117,0,0,0,2023
Buddy Robinson,CHI,9,1,2,3,1,2,4,13,1,5,15,3,0,3,1,4,20,2023
Evan Rodrigues,COL,69,16,23,39,8,15,30,183,75,52,34,32,29,27,119,122,49.38,2023
Seth Jones,CHI,72,12,25,37,-41,13,30,180,87,64,106,66,46,124,0,0,0,2023
J.T. Compher,COL,82,17,34,51,9,15,33,153,46,55,37,28,28,82,813,853,48.8,2023
Artturi Lehkonen,COL,65,21,30,51,9,14,28,149,63,64,93,12,26,42,4,19,17.39,2023
Andreas Athanasiou,CHI,81,20,18,38,-30,13,36,175,77,84,43,49,58,46,81,92,46.82,2023
Patrick Kane,CHI,74,21,37,58,-24,8,16,227,74,69,13,61,31,19,1,1,50,2023
Jonathan Toews,CHI,53,15,16,31,-32,16,43,87,25,26,9,42,37,22,594,347,63.12,2023
Max Domi,CHI,80,20,36,56,-16,26,82,177,79,63,22,51,65,24,508,442,53.47,2023
Jujhar Khaira,CHI,52,6,8,14,-10,11,31,59,25,27,108,20,23,40,154,164,48.43,2023
Erik Johnson,COL,63,0,8,8,8,6,12,98,54,28,122,17,16,101,0,0,0,2023
Ben Meyers,COL,40,4,0,4,-6,3,6,33,13,14,25,3,11,13,96,91,51.34,2023
Cale Makar,COL,62,17,49,66,16,14,30,177,146,82,64,48,50,78,0,0,0,2023
MacKenzie Entwistle,CHI,66,4,6,10,-11,7,14,50,25,31,126,21,15,28,93,106,46.73,2023
Connor Murphy,CHI,80,7,6,13,-10,27,69,84,66,27,165,36,27,159,0,0,0,2023
Alex Newhook,COL,82,14,16,30,0,11,22,118,50,25,60,20,26,26,208,295,41.35,2023
Filip Roos,CHI,17,1,2,3,-5,2,4,19,16,8,14,10,4,20,0,0,0,2023
Josh Manson,COL,28,2,8,10,13,18,42,41,20,10,64,13,20,41,0,0,0,2023
Valeri Nichushkin,COL,54,17,30,47,15,1,2,158,47,50,54,26,32,37,0,4,0,2023
Tyler Johnson,CHI,56,12,20,32,-22,8,16,124,43,48,49,22,33,24,58,55,51.33,2023
Colin Blackwell,CHI,53,2,8,10,-15,3,6,53,27,19,49,15,20,17,18,18,50,2023
Lukas Sedlak,COL,30,3,5,8,4,6,12,44,7,10,58,6,4,31,87,102,46.03,2023
Devon Toews,COL,80,7,42,49,39,12,26,166,95,49,93,39,45,138,0,0,0,2023
Andrew Cogliano,COL,79,9,9,18,6,18,44,83,26,21,55,9,24,54,33,37,47.14,2023
Jack Johnson,CHI,83,2,6,8,-15,14,28,92,57,25,117,40,16,126,0,1,0,2023
Jarred Tinordi,CHI,44,2,6,8,-17,14,40,33,26,19,139,20,11,67,0,0,0,2023
Logan O'Connor,COL,82,10,16,26,11,17,37,104,44,49,116,20,42,50,2,10,16.67,2023
Kirby Dach,MTL,58,14,25,39,0,20,51,108,34,47,53,31,28,39,87,140,38.33,2023
Rasmus Sandin,TOR,71,7,28,35,4,15,39,81,64,29,136,48,25,86,0,0,0,2023
Mitchell Marner,TOR,80,30,69,99,19,14,28,195,138,67,53,94,104,45,0,3,0,2023
Cole Caufield,MTL,46,27,10,37,-8,1,2,160,66,71,18,23,20,12,0,0,0,2023
Sean Monahan,MTL,25,6,11,17,-5,4,16,55,14,15,10,14,18,8,177,144,55.14,2023
Michael Bunting,TOR,82,23,26,49,22,42,103,174,44,81,84,38,49,18,1,2,33.33,2023
Denis Malgin,TOR,66,13,8,21,3,4,8,111,48,38,68,24,29,18,4,6,40,2023
Jake Muzzin,TOR,4,0,1,1,0,1,2,8,7,4,11,5,2,10,0,0,0,2023
David Savard,MTL,62,3,17,20,-15,12,40,63,41,19,61,61,15,176,0,0,0,2023
Rem Pitlick,MTL,47,6,9,15,-14,11,22,30,6,21,23,31,12,18,25,33,43.1,2023
Josh Anderson,MTL,69,21,11,32,-7,24,72,165,54,67,142,25,33,48,20,25,44.44,2023
Nick Suzuki,MTL,82,26,40,66,-13,11,33,161,77,55,50,52,42,56,663,739,47.29,2023
Christian Dvorak,MTL,65,10,18,28,-13,3,6,88,28,28,13,34,20,66,477,440,52.02,2023
Chris Wideman,MTL,49,0,6,6,-6,22,71,31,22,14,25,37,7,51,0,0,0,2023
Zach Aston-Reese,TOR,77,10,5,15,-6,11,25,88,26,49,162,12,18,43,7,7,50,2023
Morgan Rielly,TOR,65,4,37,41,-10,9,21,126,68,48,70,65,20,84,0,0,0,2023
Brendan Gallagher,MTL,37,9,6,15,-4,16,43,94,53,31,18,17,5,13,6,11,35.29,2023
Kaiden Guhle,MTL,44,4,14,18,-19,12,27,49,42,17,84,51,23,77,0,0,0,2023
Arber Xhekaj,MTL,51,5,7,12,-8,29,101,75,66,28,159,38,14,46,0,0,0,2023
Juraj Slafkovsky,MTL,40,4,7,11,-12,11,33,42,33,21,54,13,12,24,5,5,50,2023
David Kampf,TOR,82,7,20,27,6,4,8,106,32,33,74,30,57,30,590,558,51.39,2023
Alexander Kerfoot,TOR,82,10,22,32,9,15,30,133,44,45,54,38,46,45,65,80,44.83,2023
Jake Evans,MTL,54,2,17,19,-4,10,28,55,35,17,27,29,19,41,339,311,52.15,2023
TJ Brodie,TOR,59,2,12,14,10,7,14,58,28,16,48,43,26,109,0,0,0,2023
Jordan Harris,MTL,66,4,13,17,-3,13,26,70,63,25,53,29,18,97,0,0,0,2023
John Tavares,TOR,80,36,44,80,-7,17,34,277,72,115,112,54,46,36,727,519,58.35,2023
Pierre Engvall,TOR,76,17,13,30,8,9,21,131,70,48,47,38,25,6,33,31,51.56,2023
Auston Matthews,TOR,74,40,45,85,32,10,20,328,115,125,78,55,68,91,550,498,52.48,2023
Mike Hoffman,MTL,67,14,20,34,-9,14,28,148,63,50,24,41,19,24,16,12,57.14,2023
Evgeny Dadonov,MTL,73,7,26,33,-7,9,18,110,50,44,33,32,21,43,2,6,25,2023
Nicolas Aube-Kubel,TOR,54,4,8,12,1,17,40,67,31,35,117,18,14,9,7,7,50,2023
Calle Jarnkrok,TOR,73,20,19,39,10,7,14,106,42,47,50,12,21,19,42,52,44.68,2023
William Nylander,TOR,82,40,46,86,10,14,28,292,113,110,18,36,70,26,26,33,44.07,2023
Justin Holl,TOR,80,2,16,18,15,18,39,60,33,15,151,56,28,138,0,0,0,2023
Johnathan Kovacevic,MTL,77,3,12,15,2,14,39,93,71,39,93,90,35,85,0,0,0,2023
Mark Giordano,TOR,78,4,20,24,26,25,53,107,78,46,60,48,20,147,0,0,0,2023
Martin Necas,CAR,82,28,44,72,7,16,32,239,88,109,58,65,45,21,189,229,45.22,2023
Andrei Svechnikov,CAR,64,23,32,55,6,30,71,206,91,113,139,49,35,18,4,5,44.44,2023
Adam Boqvist,CBJ,46,5,17,22,-11,4,8,68,37,30,23,24,11,47,0,0,0,2023
Zach Werenski,CBJ,13,3,5,8,-6,0,0,41,23,13,5,9,14,24,0,0,0,2023
Mathieu Olivier,CBJ,66,5,10,15,-20,27,81,75,28,33,178,8,17,59,2,13,13.33,2023
Yegor Chinakhov,CBJ,30,4,9,13,-6,4,10,44,20,27,27,10,21,17,1,2,33.33,2023
Vladislav Gavrikov,CBJ,72,6,13,19,4,19,38,89,42,36,74,19,27,115,0,0,0,2023
Erik Gudbranson,CBJ,70,1,11,12,-25,24,57,102,74,39,119,34,13,133,0,0,0,2023
Jakub Voracek,CBJ,11,1,4,5,-7,0,0,17,6,3,2,1,4,7,1,2,33.33,2023
Johnny Gaudreau,CBJ,80,21,53,74,-34,11,22,220,90,87,5,50,49,18,0,0,0,2023
Teuvo Teravainen,CAR,68,12,24,36,10,8,16,142,40,51,15,49,36,17,32,19,62.75,2023
Calvin De Haan,CAR,53,2,10,12,8,10,20,51,51,51,84,17,15,48,0,0,0,2023
Jaccob Slavin,CAR,76,7,20,27,19,4,8,131,98,67,36,40,88,104,0,0,0,2023
Derek Stepan,CAR,73,5,6,11,8,4,8,98,34,46,29,10,24,20,227,192,54.18,2023
Gustav Nyquist,CBJ,51,11,16,27,-9,8,16,102,31,32,41,20,31,30,14,18,43.75,2023
Paul Stastny,CAR,73,9,15,24,4,8,16,81,18,40,21,8,20,17,279,207,57.41,2023
Brent Burns,CAR,82,18,42,60,19,22,44,256,189,110,40,52,55,85,1,0,100,2023
Eric Robinson,CBJ,72,12,12,24,-20,3,6,98,55,35,123,17,30,33,3,12,20,2023
Ondrej Kase,CAR,1,0,0,0,0,0,0,0,1,2,1,0,1,0,0,1,0,2023
Jalen Chatfield,CAR,78,6,7,13,23,16,35,92,70,53,78,21,28,63,0,0,0,2023
Sean Kuraly,CBJ,71,11,9,20,-28,26,68,99,38,44,187,17,30,45,568,575,49.69,2023
Jake Bean,CBJ,14,1,5,6,-2,3,6,16,11,5,13,3,8,21,0,0,0,2023
Justin Danforth,CBJ,6,2,1,3,-3,2,4,10,3,7,7,1,1,1,4,9,30.77,2023
Andrew Peeke,CBJ,80,6,7,13,-40,11,22,90,61,36,180,31,24,195,0,0,0,2023
Jack Roslovic,CBJ,77,11,33,44,-14,5,10,123,54,42,42,46,31,52,399,490,44.88,2023
Cole Sillinger,CBJ,65,3,8,11,-23,11,22,94,42,42,105,15,17,36,309,389,44.27,2023
Boone Jenner,CBJ,68,27,17,44,-32,20,51,214,70,102,130,25,28,70,756,628,54.62,2023
Brett Pesce,CAR,82,5,25,30,10,16,43,142,132,72,37,26,60,108,0,0,0,2023
Jesper Fast,CAR,80,10,19,29,9,8,16,75,27,49,104,27,24,41,10,15,40,2023
Jordan Martinook,CAR,82,13,21,34,8,29,61,163,56,85,81,20,45,32,32,38,45.71,2023
Patrik Laine,CBJ,55,22,30,52,-12,8,16,184,91,84,27,40,24,27,28,52,35,2023
Sebastian Aho,CAR,75,36,32,68,9,21,42,219,64,92,59,63,63,21,532,502,51.45,2023
Brady Skjei,CAR,81,18,20,38,6,20,40,189,125,96,71,54,47,61,0,0,0,2023
Jordan Staal,CAR,81,17,17,34,6,16,32,124,31,48,155,30,33,39,821,656,55.59,2023
Jesperi Kotkaniemi,CAR,82,18,24,42,10,25,50,130,59,55,105,48,29,21,360,340,51.43,2023
Seth Jarvis,CAR,82,14,26,40,9,6,12,187,67,71,73,30,37,47,9,17,34.62,2023
Martin Fehervary,WSH,67,6,10,16,-11,14,31,93,68,34,219,33,15,128,0,0,0,2023
Taylor Hall,BOS,61,16,20,36,12,12,24,150,59,48,35,41,24,33,4,5,44.44,2023
Brandon Carlo,BOS,75,3,13,16,44,16,38,95,47,33,128,21,28,116,0,0,0,2023
A.J. Greer,BOS,62,5,7,12,9,25,114,67,22,18,101,14,17,25,2,1,66.67,2023
Lars Eller,WSH,84,10,13,23,2,22,46,141,77,51,95,36,40,43,550,479,53.45,2023
Dylan Strome,WSH,81,23,43,66,-5,12,24,156,55,65,20,43,45,43,533,563,48.63,2023
Anthony Mantha,WSH,67,11,16,27,-9,12,33,120,47,37,70,33,23,25,9,9,50,2023
Mike Reilly,BOS,10,0,1,1,-1,1,2,12,9,7,21,4,0,9,0,0,0,2023
Connor Brown,WSH,4,0,0,0,-3,0,0,2,3,3,6,2,1,1,2,3,40,2023
Pavel Zacha,BOS,82,21,36,57,26,8,16,131,41,48,67,35,31,20,135,161,45.61,2023
Trevor Van Riemsdyk,WSH,75,7,16,23,10,6,15,97,66,30,21,40,30,159,0,0,0,2023
Charlie Coyle,BOS,82,16,29,45,29,15,30,139,50,50,69,42,59,62,534,483,52.51,2023
Evgeny Kuznetsov,WSH,81,12,42,54,-25,28,56,175,80,67,45,64,44,31,510,570,47.22,2023
Marcus Johansson,WSH,80,20,28,48,1,4,8,138,58,39,26,31,31,23,24,29,45.28,2023
Jakub Zboril,BOS,23,1,3,4,-1,3,6,13,9,8,31,5,4,18,0,0,0,2023
Hampus Lindholm,BOS,80,10,43,53,44,28,56,158,95,45,78,65,31,100,0,0,0,2023
Nick Jensen,WSH,77,5,23,28,-3,9,18,109,97,52,110,59,38,130,0,0,0,2023
Craig Smith,BOS,64,9,7,16,5,9,18,104,46,28,48,21,22,21,2,7,22.22,2023
Nick Foligno,BOS,60,10,16,26,18,18,45,73,20,25,147,18,21,29,40,31,56.34,2023
Erik Gustafsson,WSH,71,7,36,43,8,10,23,126,82,63,52,46,27,64,0,0,0,2023
Garnet Hathaway,WSH,84,13,9,22,5,26,69,88,32,31,277,13,12,85,3,10,23.08,2023
Patrice Bergeron,BOS,78,27,31,58,35,10,22,247,96,94,65,21,38,53,1048,658,61.43,2023
Aliaksei Protas,WSH,59,4,11,15,-7,6,12,83,34,22,39,21,17,15,21,43,32.81,2023
Jakub Lauko,BOS,24,4,3,7,2,4,11,17,8,8,44,6,7,6,0,4,0,2023
Connor Clifton,BOS,78,5,18,23,24,24,60,93,35,44,208,47,20,120,0,0,0,2023
Jake Debrusk,BOS,64,27,23,50,26,8,16,191,54,52,85,18,28,22,4,11,26.67,2023
John Carlson,WSH,40,9,20,29,-8,6,12,123,68,69,42,33,21,86,0,0,0,2023
Derek Forbort,BOS,54,5,7,12,16,10,23,38,48,17,106,24,14,88,0,0,0,2023
Nic Dowd,WSH,65,13,12,25,6,11,24,62,24,24,136,34,28,61,433,419,50.82,2023
Dmitry Orlov,WSH,66,7,29,36,8,11,22,123,77,39,141,51,30,87,0,0,0,2023
T.J. Oshie,WSH,58,20,16,36,-18,21,59,128,42,61,128,26,45,33,86,99,46.49,2023
Alex Ovechkin,WSH,73,42,33,75,-16,19,48,295,166,117,188,52,31,23,4,5,44.44,2023
David Pastrnak,BOS,82,61,51,112,34,18,38,405,184,135,91,109,52,32,8,11,42.11,2023
Tomas Nosek,BOS,66,7,11,18,9,17,48,69,21,23,69,22,20,31,353,243,59.23,2023
Conor Sheary,WSH,82,15,21,36,10,11,22,154,42,62,57,34,48,39,20,19,51.28,2023
David Krejci,BOS,70,16,41,57,23,10,20,112,47,44,41,36,17,38,351,390,47.37,2023
Sean Walker,L.A,70,3,10,13,-3,18,36,95,57,34,77,32,13,102,0,0,0,2023
Sean Durzi,L.A,72,9,29,38,-11,22,50,109,106,46,68,61,21,140,0,0,0,2023
Alex Iafallo,L.A,59,14,21,35,13,10,20,132,47,37,27,9,29,33,7,6,53.85,2023
Gabriel Vilardi,L.A,65,23,18,41,9,9,18,120,46,39,41,16,23,33,53,60,46.9,2023
Viktor Arvidsson,L.A,77,26,33,59,-3,12,24,227,101,87,25,35,19,48,26,40,39.39,2023
Michael Amadio,VGK,67,17,11,28,3,6,12,102,23,29,56,13,37,27,31,32,49.21,2023
Reilly Smith,VGK,78,26,30,56,9,8,16,182,68,62,71,39,31,32,5,4,55.56,2023
Alec Martinez,VGK,77,4,12,16,35,13,29,77,83,43,51,30,29,245,0,0,0,2023
Brett Howden,VGK,55,6,7,13,5,20,43,53,25,30,108,7,24,33,117,110,51.54,2023
Trevor Moore,L.A,59,10,19,29,-1,7,14,163,46,55,60,19,26,23,14,25,35.9,2023
Nicolas Roy,VGK,65,15,18,33,12,12,24,102,39,39,84,13,46,40,371,406,47.75,2023
Carl Grundstrom,L.A,57,12,7,19,-4,8,16,90,37,42,144,14,14,17,4,5,44.44,2023
Drew Doughty,L.A,81,9,43,52,11,17,34,143,91,54,115,59,22,104,0,0,0,2023
Jack Eichel,VGK,67,27,39,66,25,3,6,222,75,61,59,54,47,56,359,434,45.27,2023
Mikey Anderson,L.A,78,5,15,20,20,16,40,90,56,42,162,31,18,130,0,0,0,2023
Alexander Edler,L.A,65,2,9,11,-1,17,34,56,64,34,106,27,6,102,0,0,0,2023
Kevin Fiala,L.A,70,23,49,72,3,26,52,208,89,65,52,37,18,18,8,7,53.33,2023
Shea Theodore,VGK,55,8,33,41,15,8,18,139,97,48,16,24,28,89,0,0,0,2023
Phil Kessel,VGK,82,14,23,37,-6,16,32,152,64,50,10,27,36,29,6,8,42.86,2023
Phillip Danault,L.A,82,18,35,53,-8,25,63,151,49,50,81,32,28,73,693,580,54.44,2023
Matt Roy,L.A,82,9,17,26,8,11,22,134,65,51,119,45,7,153,0,0,0,2023
Jonathan Marchessault,VGK,76,28,30,58,2,9,21,239,113,90,76,30,42,17,20,35,36.36,2023
Anze Kopitar,L.A,82,28,46,74,19,2,4,169,51,72,68,49,46,87,899,710,55.87,2023
Paul Cotter,VGK,57,15,5,20,-3,6,15,81,37,19,171,11,18,17,11,13,45.83,2023
Quinton Byfield,L.A,53,3,19,22,12,15,30,75,26,44,53,19,16,16,51,57,47.22,2023
Zach Whitecloud,VGK,60,5,7,12,10,14,39,65,52,26,90,26,24,101,0,0,0,2023
Adrian Kempe,L.A,82,41,25,66,21,22,55,250,108,91,119,39,24,32,16,35,31.37,2023
Keegan Kolesar,VGK,74,8,11,19,8,22,70,65,26,23,283,16,14,32,8,16,33.33,2023
Brayden McNabb,VGK,82,1,16,17,15,17,43,90,91,41,205,31,39,202,0,0,0,2023
William Karlsson,VGK,82,14,39,53,12,5,10,165,56,75,52,35,44,51,654,518,55.8,2023
Ben Hutton,VGK,33,3,5,8,1,3,6,53,29,14,20,7,14,35,0,0,0,2023
Alex Pietrangelo,VGK,73,11,46,57,19,8,16,172,100,69,65,53,59,180,1,0,100,2023
Mark Stone,VGK,43,17,21,38,11,5,10,112,38,40,31,22,47,23,1,2,33.33,2023
Arthur Kaliyev,L.A,56,13,15,28,-5,6,12,122,58,47,40,14,8,10,0,0,0,2023
Blake Lizotte,L.A,81,11,23,34,10,27,60,108,24,44,96,16,32,39,416,391,51.55,2023
Chandler Stephenson,VGK,81,16,49,65,12,9,26,120,38,45,74,30,64,57,675,488,58.04,2023
Filip Chytil,NYR,74,22,22,44,15,14,30,177,68,65,36,35,30,38,251,380,39.78,2023
Vladislav Namestnikov,TBL,78,8,17,25,5,16,35,108,36,34,108,11,34,38,77,127,37.75,2023
K'Andre Miller,NYR,79,9,32,41,14,17,37,113,74,51,162,68,61,104,0,0,0,2023
Zac Jones,NYR,16,1,1,2,-2,2,4,15,9,6,5,9,7,16,0,0,0,2023
Mikhail Sergachev,TBL,79,10,53,63,14,25,53,155,127,70,128,45,55,149,0,0,0,2023
Jacob Trouba,NYR,82,8,22,30,7,24,63,199,109,53,218,49,32,196,0,1,0,2023
Steven Stamkos,TBL,81,33,51,84,-3,23,46,240,107,102,92,54,25,51,501,430,53.81,2023
Vincent Trocheck,NYR,82,22,40,62,3,26,58,223,76,108,182,64,55,43,720,566,55.99,2023
Pierre-Edouard Bellemare,TBL,74,4,9,13,-9,10,34,51,12,24,67,21,30,47,322,294,52.27,2023
Vitali Kravtsov,NYR,45,4,4,8,3,5,10,43,19,21,28,7,12,15,0,3,0,2023
Alex Killorn,TBL,82,27,37,64,19,21,45,143,53,42,61,54,40,31,1,1,50,2023
Mika Zibanejad,NYR,82,39,52,91,24,10,20,251,72,117,71,67,57,46,692,707,49.46,2023
Ryan Carpenter,NYR,23,1,2,3,-5,5,10,17,5,8,35,12,6,11,66,58,53.23,2023
Erik Cernak,TBL,70,2,14,16,10,21,53,87,46,33,209,31,21,100,0,0,0,2023
Nicholas Paul,TBL,80,17,15,32,11,15,33,120,41,56,111,35,60,46,494,425,53.75,2023
Jimmy Vesey,NYR,81,11,14,25,15,7,20,123,44,40,98,29,56,40,4,14,22.22,2023
Kaapo Kakko,NYR,82,17,22,39,12,4,8,125,48,52,26,30,47,27,1,3,25,2023
Brayden Point,TBL,82,50,44,94,2,2,7,236,73,84,37,45,51,38,417,406,50.67,2023
Pat Maroon,TBL,80,5,9,14,-5,37,150,62,25,36,172,19,26,12,2,10,16.67,2023
Adam Fox,NYR,82,12,59,71,27,17,34,159,112,62,26,74,88,123,0,0,0,2023
Artemi Panarin,NYR,82,29,63,92,4,18,36,205,123,101,26,102,36,11,6,13,31.58,2023
Philippe Myers,TBL,12,1,2,3,0,2,4,21,11,5,31,5,9,6,0,0,0,2023
Chris Kreider,NYR,79,36,19,55,20,13,26,229,47,106,128,39,31,24,37,46,44.58,2023
Brandon Hagel,TBL,81,30,34,64,24,23,54,177,63,67,69,48,92,57,23,58,28.4,2023
Ryan Lindgren,NYR,64,2,16,18,30,21,45,75,57,26,68,17,13,92,0,0,0,2023
Cal Foote,TBL,53,2,5,7,6,23,63,39,27,19,58,16,8,52,0,0,0,2023
Ross Colton,TBL,81,16,15,31,-8,18,50,153,53,63,188,20,38,28,105,84,55.56,2023
Victor Hedman,TBL,76,9,40,49,11,17,42,185,112,99,95,79,48,135,0,0,0,2023
Alexis LafreniÈre,NYR,81,16,23,39,10,15,33,135,57,47,140,36,32,28,28,48,36.84,2023
Nikita Kucherov,TBL,82,31,80,111,-1,18,36,272,152,126,61,98,57,28,2,0,100,2023
Corey Perry,TBL,81,12,13,25,-28,26,95,116,28,49,48,26,30,24,0,0,0,2023
Barclay Goodrow,NYR,82,11,20,31,5,20,58,88,34,33,122,33,30,64,274,318,46.28,2023
Haydn Fleury,TBL,31,0,1,1,-10,3,14,33,19,18,30,6,3,30,0,0,0,2023
Ryan Reaves,NYR,74,5,10,15,-6,11,43,48,11,20,196,16,15,24,4,11,26.67,2023
Cole Koepke,TBL,17,1,0,1,-5,1,2,12,10,10,32,6,4,5,0,0,0,2023
Braden Schneider,NYR,82,6,12,18,10,5,16,80,64,24,146,52,23,132,0,0,0,2023
Jeremy Lauzon,NSH,67,4,8,12,-11,26,66,78,50,35,250,23,3,74,0,0,0,2023
Jaycob Megna,S.J,56,1,11,12,3,9,21,57,48,22,86,26,14,65,0,0,0,2023
Evgeny Svechnikov,S.J,60,8,6,14,-6,13,26,64,28,30,100,21,24,21,6,6,50,2023
Noah Gregor,S.J,57,10,7,17,-9,13,32,119,35,49,97,10,25,34,7,16,30.43,2023
Tomas Hertl,S.J,79,22,40,62,-36,21,42,184,85,76,91,39,50,57,792,651,54.89,2023
Oskar Lindblom,S.J,73,6,9,15,-16,10,18,73,33,25,64,13,15,23,9,10,47.37,2023
Cody Glass,NSH,72,14,20,34,8,10,20,130,45,53,62,23,35,31,364,363,50.07,2023
Luke Kunin,S.J,31,5,8,13,-9,13,42,58,16,25,63,6,12,27,5,7,41.67,2023
Ryan Johansen,NSH,56,12,16,28,-13,15,32,85,26,42,49,21,20,18,501,347,59.08,2023
Matt Nieto,S.J,81,12,12,24,-15,8,16,115,25,32,43,22,35,33,9,9,50,2023
Erik Karlsson,S.J,82,25,75,100,-25,14,36,208,215,79,33,101,81,88,0,1,0,2023
Mark Borowiecki,NSH,5,0,0,0,0,3,12,1,3,3,5,0,0,1,0,0,0,2023
Marc-Edouard Vlasic,S.J,78,1,16,17,-14,4,16,67,65,47,45,37,34,116,0,0,0,2023
Jonah Gadjovich,S.J,36,3,5,8,-3,15,57,32,9,14,92,13,10,5,1,3,25,2023
Tanner Jeannot,NSH,77,6,12,18,-7,31,107,107,35,47,290,30,29,61,10,13,43.48,2023
Kevin Labanc,S.J,73,15,18,33,-17,18,36,130,77,43,70,26,37,29,5,4,55.56,2023
Mario Ferraro,S.J,72,4,7,11,-31,12,24,66,52,29,129,27,42,143,0,1,0,2023
Eeli Tolvanen,NSH,61,18,13,31,8,7,14,116,50,51,91,12,20,51,3,9,25,2023
Timo Meier,S.J,79,40,26,66,-18,20,43,326,134,136,153,64,58,37,20,38,34.48,2023
Alexandre Carrier,NSH,43,2,7,9,0,12,27,48,32,19,57,12,14,67,0,0,0,2023
Logan Couture,S.J,82,27,39,66,-32,8,19,198,62,78,128,35,71,67,639,710,47.37,2023
Matt Benning,S.J,77,1,23,24,-19,13,26,58,68,29,102,43,18,126,0,0,0,2023
Roman Josi,NSH,67,18,40,58,5,18,36,267,185,88,51,29,24,146,0,0,0,2023
Nick Bonino,S.J,63,10,9,19,-5,10,28,90,30,28,19,17,40,79,217,233,48.22,2023
Mattias Ekholm,NSH,78,9,23,32,26,14,28,135,91,61,91,43,29,103,0,0,0,2023
Dante Fabbro,NSH,79,2,9,11,-4,25,50,101,71,33,113,42,19,128,0,0,0,2023
Radim Simek,S.J,45,1,2,3,-13,13,29,39,23,17,89,22,21,76,0,1,0,2023
Cole Smith,NSH,69,3,13,16,-3,21,60,63,21,33,198,15,29,25,0,5,0,2023
Nico Sturm,S.J,74,14,12,26,-13,10,23,117,29,46,100,19,40,45,488,391,55.52,2023
Kiefer Sherwood,NSH,33,7,6,13,4,12,30,57,24,22,103,14,17,15,6,4,60,2023
Matt Duchene,NSH,71,22,32,54,4,11,32,167,80,72,27,60,35,32,138,122,53.08,2023
Ryan McDonagh,NSH,71,2,18,20,12,11,22,78,56,43,63,59,47,162,0,0,0,2023
Scott Harrington,S.J,48,4,7,11,-7,5,10,34,26,25,51,10,5,78,0,0,0,2023
Nino Niederreiter,NSH,78,24,17,41,-13,10,22,182,66,54,165,22,33,33,8,5,61.54,2023
Mikael Granlund,NSH,79,10,32,42,-15,10,20,121,51,51,78,33,38,61,171,213,44.53,2023
Filip Forsberg,NSH,50,19,23,42,-3,10,20,157,81,84,86,29,34,20,0,1,0,2023
Colton Sissons,NSH,82,12,18,30,-3,10,20,88,43,48,164,27,32,72,591,516,53.39,2023
Yakov Trenin,NSH,77,12,12,24,-7,18,47,140,52,64,167,43,44,30,14,22,38.89,2023
Steven Lorentz,S.J,80,10,9,19,-17,7,16,112,40,41,133,15,46,46,262,284,47.99,2023
