Player,Team,GP,G,A,Pts,+/-,PN,PIM,S,SB,MS,H,GV,TK,BS,FW,FL,F%,Year,Salary,Cap Hit,_merge,Pos,Num,Height,Weight,DOB
Philip Tomasino,NSH,31,5,13,18,5,3,6,53,21,26,28,15,10,16,9,8,52.94,2023,"832,500","863,333",both,,,,,
Luke Evangelista,NSH,24,7,8,15,7,3,6,54,17,7,9,9,15,6,0,0,0.0,2023,"775,000","797,500",both,,,,,
Benoit-Olivier Groulx,ANA,2,0,0,0,0,0,0,2,2,1,0,3,2,0,9,11,45.0,2023,"775,000","775,000",both,,,,,
Brock Faber,MIN,2,0,0,0,2,0,0,1,1,2,0,1,1,9,0,0,0.0,2023,"832,500","925,000",both,D,7,73.0,200.0,8/22/02
Matthew Knies,TOR,3,0,1,1,1,1,2,4,2,1,2,1,3,2,0,0,0.0,2023,"832,500","925,000",both,LW,23,75.0,217.0,10/17/02
Thomas Harley,DAL,6,0,2,2,5,1,2,8,3,1,1,3,0,8,0,0,0.0,2023,"832,500","863,333",both,D,55,75.0,206.0,8/19/01
Alex Vlasic,CHI,6,0,1,1,-1,0,0,4,0,1,5,1,5,9,0,0,0.0,2023,"832,500","916,667",both,D,72,78.0,199.0,6/5/01
Wyatt Kaiser,CHI,9,0,3,3,-4,2,4,13,7,6,5,13,0,10,0,0,0.0,2023,"832,500","916,667",both,D,44,72.0,173.0,7/31/02
Ville Husso,DET,1,0,0,0,0,0,0,0,0,0,0,0,0,0,0,0,0.0,2023,"4,750,000","4,750,000",both,G,35,75.0,200.0,2/6/95
Tyson Foerster,PHI,8,3,4,7,2,3,8,15,4,8,12,1,1,10,0,0,0.0,2023,"832,500","863,333",both,RW,71,74.0,194.0,1/18/02
Darren Raddysh,TBL,17,1,2,3,-4,2,4,25,16,6,25,9,3,16,0,0,0.0,2023,"775,000","762,500",both,,,,,
Robby Fabbri,DET,28,7,7,14,-1,7,22,35,10,18,49,12,6,15,10,16,38.46,2023,"4,250,000","4,000,000",both,C,14,71.0,185.0,1/22/96
Dakota Mermis,MIN,2,0,0,0,-1,0,0,1,2,1,2,0,0,3,0,0,0.0,2023,"775,000","775,000",both,D,6,72.0,195.0,1/5/94
Marco Scandella,STL,20,1,1,2,3,3,6,17,22,2,27,10,7,26,0,0,0.0,2023,"3,000,000","3,275,000",both,D,6,75.0,212.0,2/23/90
Cole Guttman,CHI,14,4,2,6,1,1,2,26,12,4,4,11,12,6,88,81,52.07,2023,"855,000","950,000",both,C,70,69.0,167.0,4/6/99
Anton Forsberg,OTT,1,0,0,0,0,0,0,0,0,0,0,0,0,0,0,0,0.0,2023,"2,950,000","2,750,000",both,G,31,75.0,193.0,11/27/92
Phillip Di Giuseppe,VAN,30,6,7,13,-3,7,14,71,14,14,52,5,10,10,1,3,25.0,2023,"775,000","775,000",both,LW,34,72.0,193.0,10/9/93
Ridly Greig,OTT,20,2,7,9,1,6,12,30,7,15,33,8,8,3,43,66,39.45,2023,"832,500","863,333",both,C,71,72.0,183.0,8/8/02
Samuel Bolduc,NYI,17,2,1,3,5,1,2,20,20,9,26,13,2,16,0,0,0.0,2023,"800,000","800,000",both,D,4,76.0,220.0,12/9/00
Kirill Marchenko,CBJ,59,21,4,25,-23,7,16,130,68,54,34,19,31,39,9,7,56.25,2023,"832,500","925,000",both,,,,,
Vincent Desharnais,EDM,36,0,5,5,14,14,31,17,21,10,45,16,5,47,0,0,0.0,2023,"775,000","762,500",both,D,73,78.0,226.0,5/29/96
Walker Duehr,CGY,27,7,4,11,0,2,4,47,18,14,55,3,5,4,1,6,14.29,2023,"775,000","825,000",both,,,,,
Tom Wilson,WSH,33,13,9,22,-16,26,80,81,33,28,100,10,13,30,5,10,33.33,2023,"5,100,000","5,166,667",both,,,,,
Justin Barron,MTL,39,4,11,15,-2,10,20,40,41,12,49,34,5,39,0,0,0.0,2023,"832,500","925,000",both,,,,,
Michael Carcone,ARI,9,2,1,3,3,1,2,15,5,5,16,1,5,1,0,0,0.0,2023,"775,000","775,000",both,LW,53,69.0,170.0,5/19/96
Thomas Novak,NSH,9,4,3,7,1,1,2,22,5,2,3,2,2,2,17,42,28.81,2023,"800,000","800,000",both,,,,,
Rourke Chartier,OTT,6,0,0,0,0,0,0,8,4,2,10,0,1,3,19,14,57.58,2023,"775,000","775,000",both,C,49,71.0,190.0,4/3/96
Lukas Reichel,CHI,23,7,8,15,-8,3,6,42,16,10,7,14,13,15,5,9,35.71,2023,"832,500","925,000",both,LW,27,72.0,170.0,5/17/02
Hudson Fasching,NYI,49,10,9,19,10,5,10,61,31,17,45,12,16,22,2,8,20.0,2023,"775,000","775,000",both,RW,20,75.0,209.0,7/28/95
Anthony Cirelli,TBL,58,11,17,28,14,11,33,110,34,44,34,15,40,46,424,407,51.02,2023,"1,625,000","6,250,000",both,,,,,
Urho Vaakanainen,ANA,23,0,2,2,-16,0,0,27,18,13,18,10,7,28,0,0,0.0,2023,"900,000","850,000",both,D,5,74.0,200.0,1/1/99
Philip Broberg,EDM,48,1,7,8,5,1,2,32,29,11,28,27,12,33,0,0,0.0,2023,"832,500","863,333",both,D,86,75.0,212.0,6/25/01
Zach Bogosian,TBL,47,1,4,5,-4,13,42,54,44,19,114,25,5,49,1,0,100.0,2023,"1,050,000","850,000",both,,,,,
Tyler Tucker,STL,26,1,3,4,-9,7,31,21,27,6,50,9,4,25,0,0,0.0,2023,"800,000","800,000",both,D,75,73.0,204.0,3/1/00
Sam Carrick,ANA,53,3,3,6,-16,23,86,50,15,19,98,9,13,24,182,187,49.32,2023,"850,000","850,000",both,C,39,72.0,200.0,2/4/92
Jake Walman,DET,64,9,8,17,10,20,45,140,73,43,47,36,33,121,0,0,0.0,2023,"3,500,000","3,400,000",both,D,96,74.0,215.0,2/20/96
Nikita Alexandrov,STL,29,3,4,7,0,3,8,28,3,12,28,4,3,13,53,97,35.33,2023,"832,500","816,667",both,C,59,73.0,177.0,9/16/00
Mattias Janmark,EDM,66,10,15,25,9,15,30,78,15,24,20,26,27,25,26,33,44.07,2023,"1,000,000","1,000,000",both,C,13,73.0,205.0,12/8/92
Charlie McAvoy,BOS,67,7,44,51,29,25,54,105,83,38,85,45,26,131,0,0,0.0,2023,"7,750,000","9,500,000",both,D,73,73.0,209.0,12/21/97
Alexander Alexeyev,WSH,33,0,5,5,-5,2,4,29,22,25,36,17,4,47,0,0,0.0,2023,"775,000","825,000",both,,,,,
Jack Drury,CAR,38,2,6,8,3,7,14,70,20,20,12,6,9,16,67,59,53.17,2023,"832,500","925,000",both,C,18,71.0,174.0,2/3/00
Dennis Gilbert,CGY,23,1,3,4,1,6,27,13,14,9,55,8,3,26,0,0,0.0,2023,"775,000","762,500",both,,,,,
Lucas Johansen,WSH,2,0,0,0,0,0,0,3,2,0,0,0,1,3,0,0,0.0,2023,"775,000","762,500",both,,,,,
Austin Czarnik,DET,29,3,2,5,-4,4,8,27,10,10,16,4,13,13,69,91,43.12,2023,"775,000","762,500",both,C,21,69.0,170.0,12/12/92
Timothy Liljegren,TOR,67,6,12,18,25,14,30,84,44,26,106,37,11,94,0,0,0.0,2023,"1,500,000","1,400,000",both,D,37,73.0,190.0,4/30/99
Sonny Milano,WSH,64,11,22,33,-9,8,18,82,19,43,41,21,21,16,0,0,0.0,2023,"2,350,000","1,900,000",both,,,,,
Drew O'Connor,PIT,48,5,5,10,-3,6,12,62,29,29,63,18,15,14,18,21,46.15,2023,"925,000","925,000",both,LW,10,75.0,200.0,6/9/98
Boris Katchouk,CHI,58,5,11,16,-10,10,27,68,36,35,85,17,24,15,3,12,20.0,2023,"775,000","758,333",both,LW,14,74.0,206.0,6/18/98
Brad Marchand,BOS,73,21,46,67,27,37,74,183,85,66,80,84,42,22,22,36,37.93,2023,"3,000,000","6,125,000",both,LW,63,69.0,176.0,5/11/88
Beck Malenstyn,WSH,9,1,1,2,0,1,2,7,2,3,34,0,1,5,1,0,100.0,2023,"775,000","762,500",both,,,,,
Liam Foudy,CBJ,62,7,7,14,-26,4,8,67,32,31,59,7,23,17,3,6,33.33,2023,"775,000","762,500",both,,,,,
Chad Ruhwedel,PIT,51,1,5,6,-5,10,20,36,39,23,93,10,14,50,0,0,0.0,2023,"800,000","800,000",both,D,2,71.0,191.0,5/7/90
Sebastian Aho,NYI,71,5,18,23,10,11,22,89,53,42,38,38,14,68,0,0,0.0,2023,"850,000","825,000",both,D,25,70.0,180.0,2/17/96
Michael Pezzetta,MTL,64,7,8,15,-6,25,77,69,27,18,239,17,4,28,8,12,40.0,2023,"800,000","812,500",both,,,,,
Joel Hanley,DAL,30,0,2,2,4,6,15,14,8,9,24,7,3,28,0,0,0.0,2023,"775,000","787,500",both,D,44,71.0,186.0,6/8/91
Connor McMichael,WSH,6,0,0,0,0,1,5,2,2,0,2,0,1,3,2,1,66.67,2023,"832,500","863,333",both,,,,,
Matt Grzelcyk,BOS,75,4,22,26,45,14,28,102,52,47,51,33,13,78,0,0,0.0,2023,"4,250,000","3,687,500",both,D,48,70.0,176.0,1/5/94
Dylan Samberg,WPG,63,2,6,8,10,11,25,49,49,19,91,39,20,93,0,0,0.0,2023,"1,300,000","1,400,000",both,,,,,
Tyler Myers,VAN,78,1,15,16,-16,30,76,101,76,40,94,50,25,144,0,0,0.0,2023,"1,000,000","6,000,000",both,D,57,80.0,229.0,2/1/90
Noah Juulsen,VAN,12,0,0,0,1,3,6,5,7,6,43,2,3,16,0,0,0.0,2023,"775,000","775,000",both,D,47,74.0,201.0,4/2/97
Brett Leason,ANA,54,6,3,9,-22,7,14,51,23,27,35,9,9,18,2,4,33.33,2023,"800,000","775,000",both,RW,20,77.0,218.0,4/30/99
Jason Dickinson,CHI,78,9,22,31,-29,14,28,114,54,41,112,36,54,80,370,402,47.93,2023,"3,250,000","2,650,000",both,C,16,74.0,200.0,7/4/95
Warren Foegele,EDM,67,13,15,28,6,14,28,128,44,57,96,27,49,21,7,6,53.85,2023,"3,250,000","2,750,000",both,LW,37,74.0,204.0,4/1/96
Brayden Schenn,STL,82,21,43,64,-27,18,50,144,72,69,140,47,41,40,476,541,46.8,2023,"8,000,000","6,500,000",both,C,10,73.0,199.0,8/22/91
Robert Bortuzzo,STL,43,2,3,5,9,13,29,30,17,12,64,12,7,49,0,0,0.0,2023,"950,000","950,000",both,D,41,76.0,216.0,3/18/89
Brandon Saad,STL,71,19,18,37,-8,6,12,126,31,40,24,26,34,33,4,4,50.0,2023,"5,500,000","4,500,000",both,LW,20,73.0,215.0,10/27/92
Alexey Toropchenko,STL,69,10,9,19,5,6,12,85,27,17,122,23,18,46,2,6,25.0,2023,"1,250,000","1,250,000",both,RW,13,78.0,222.0,6/25/99
Robert Thomas,STL,73,18,47,65,-7,11,22,106,32,38,15,40,66,29,641,576,52.67,2023,"9,000,000","8,125,000",both,C,18,72.0,218.0,7/2/99
Jake Neighbours,STL,43,6,4,10,-19,9,24,53,15,19,63,3,13,21,7,12,36.84,2023,"832,500","835,833",both,LW,63,72.0,201.0,3/29/02
Jordan Kyrou,STL,79,37,35,72,-37,11,22,272,112,87,14,55,54,34,5,9,35.71,2023,"9,000,000","8,125,000",both,C,25,73.0,196.0,5/5/98
Nick Leddy,STL,78,2,20,22,3,10,20,79,46,39,43,34,43,95,0,0,0.0,2023,"4,500,000","4,000,000",both,D,4,72.0,205.0,3/20/91
Colton Parayko,STL,79,4,23,27,-17,15,30,133,73,50,115,49,59,143,0,0,0.0,2023,"8,000,000","6,500,000",both,D,55,78.0,228.0,5/12/93
Torey Krug,STL,63,7,25,32,-25,15,49,128,72,52,40,30,19,87,0,0,0.0,2023,"8,500,000","6,500,000",both,D,47,69.0,194.0,4/12/91
Pavel Buchnevich,STL,63,26,42,68,15,14,36,123,44,58,54,31,35,23,65,150,30.23,2023,"6,900,000","5,800,000",both,LW,89,73.0,196.0,4/17/95
Justin Faulk,STL,82,11,39,50,-5,17,34,194,100,57,112,58,51,142,0,0,0.0,2023,"7,900,000","6,500,000",both,D,72,72.0,214.0,3/20/92
Cal Clutterbuck,NYI,49,6,6,12,9,11,30,45,14,21,194,15,10,33,1,4,20.0,2023,"1,750,000","1,750,000",both,RW,15,72.0,215.0,11/18/87
Oliver Wahlstrom,NYI,35,7,9,16,5,13,32,71,40,27,50,11,12,16,7,13,35.0,2023,"874,125","874,125",both,RW,26,74.0,200.0,6/13/00
Trent Frederic,BOS,79,17,15,32,28,18,57,121,28,39,105,20,24,34,24,48,33.33,2023,"2,050,000","2,300,000",both,C,11,75.0,214.0,2/11/98
Stefan Noesen,CAR,78,13,23,36,11,13,32,134,27,73,99,31,27,18,54,56,49.09,2023,"775,000","762,500",both,RW,23,73.0,205.0,2/12/93
Logan Stanley,WPG,19,1,2,3,-1,9,21,11,16,11,44,10,3,20,0,0,0.0,2023,"1,000,000","1,000,000",both,,,,,
Mark Scheifele,WPG,81,42,26,68,-16,12,43,206,60,94,50,44,61,38,580,627,48.05,2023,"6,000,000","6,125,000",both,,,,,
Brenden Dillon,WPG,82,2,21,23,0,27,76,83,78,43,198,47,18,106,0,0,0.0,2023,"2,000,000","3,900,000",both,,,,,
Cole Perfetti,WPG,51,8,22,30,11,8,16,91,37,31,35,18,19,23,3,8,27.27,2023,"832,500","894,167",both,,,,,
Morgan Barron,WPG,70,8,13,21,4,13,31,113,32,37,118,16,19,44,13,16,44.83,2023,"1,300,000","1,350,000",both,,,,,
Neal Pionk,WPG,82,10,23,33,-12,19,44,144,80,72,169,51,29,129,0,0,0.0,2023,"7,500,000","5,875,000",both,,,,,
Adam Lowry,WPG,82,13,22,35,3,15,48,125,27,56,161,24,27,46,595,585,50.42,2023,"4,500,000","3,250,000",both,,,,,
Kyle Connor,WPG,82,32,48,80,-12,10,20,275,117,106,43,40,44,25,2,6,25.0,2023,"7,500,000","7,142,857",both,,,,,
Mason Appleton,WPG,41,5,11,16,2,4,8,70,16,22,47,11,12,11,2,8,20.0,2023,"2,250,000","2,166,667",both,,,,,
Nate Schmidt,WPG,71,7,11,18,15,4,8,101,88,56,45,50,21,85,0,0,0.0,2023,"4,950,000","5,950,000",both,,,,,
Nikolaj Ehlers,WPG,45,12,26,38,-2,4,11,132,89,76,36,23,29,10,1,2,33.33,2023,"6,500,000","6,000,000",both,,,,,
David Gustafsson,WPG,46,0,6,6,2,3,6,45,17,10,25,9,14,18,103,105,49.52,2023,"775,000","775,000",both,,,,,
Moritz Seider,DET,82,6,37,43,-13,20,40,141,95,62,207,46,29,190,0,0,0.0,2023,"832,500","863,333",both,D,53,76.0,204.0,4/6/01
Lucas Raymond,DET,74,17,28,45,-17,11,24,134,72,39,43,27,33,20,5,11,31.25,2023,"832,500","925,000",both,LW,23,71.0,176.0,3/28/02
Michael Rasmussen,DET,56,10,20,30,2,20,43,86,29,33,119,8,18,48,204,195,51.13,2023,"1,900,000","1,460,000",both,C,27,78.0,211.0,4/17/99
David Perron,DET,82,23,32,55,-7,26,52,193,83,72,107,32,40,24,2,9,18.18,2023,"5,150,000","4,750,000",both,LW,57,73.0,196.0,5/28/88
Ben Chiarot,DET,76,5,14,19,-30,24,51,110,76,45,147,19,9,163,0,0,0.0,2023,"5,250,000","4,750,000",both,D,8,75.0,232.0,5/9/91
Dylan Larkin,DET,80,32,47,79,-8,17,45,246,115,104,47,47,56,27,736,619,54.32,2023,"10,000,000","8,700,000",both,C,71,73.0,198.0,7/30/96
Andrew Copp,DET,82,9,33,42,3,11,25,119,42,42,32,44,26,45,645,654,49.65,2023,"6,250,000","5,625,000",both,C,18,73.0,199.0,7/8/94
Kent Johnson,CBJ,79,15,24,39,-19,7,14,124,54,40,15,40,26,30,41,98,29.5,2023,"832,500","925,000",both,,,,,
Reese Johnson,CHI,57,4,2,6,-15,12,38,53,17,19,178,7,13,23,120,106,53.1,2023,"850,000","800,000",both,C,52,73.0,193.0,7/10/98
Nazem Kadri,CGY,82,24,31,55,-18,20,56,273,111,116,101,51,34,31,590,657,47.31,2023,"4,500,000","7,000,000",both,,,,,
Elias Lindholm,CGY,80,23,41,64,7,7,14,186,76,79,98,33,42,49,860,678,55.92,2023,"4,850,000","4,850,000",both,,,,,
Chris Tanev,CGY,65,1,12,13,8,9,21,75,64,24,51,34,24,130,0,0,0.0,2023,"4,500,000","4,500,000",both,,,,,
Nikita Zadorov,CGY,82,14,8,22,12,32,80,130,93,43,174,57,31,75,0,0,0.0,2023,"3,750,000","3,750,000",both,,,,,
Andrew Mangiapane,CGY,82,17,26,43,12,20,40,182,87,74,86,32,48,26,5,9,35.71,2023,"5,800,000","5,800,000",both,,,,,
Noah Hanifin,CGY,81,7,31,38,0,14,33,179,128,84,76,54,58,130,0,0,0.0,2023,"4,950,000","4,950,000",both,,,,,
Rasmus Andersson,CGY,79,11,39,50,3,13,26,160,81,64,50,54,29,138,0,0,0.0,2023,"4,550,000","4,550,000",both,,,,,
MacKenzie Weegar,CGY,81,4,27,31,14,20,43,163,132,73,189,62,39,121,0,0,0.0,2023,"4,250,000","6,250,000",both,,,,,
Mikael Backlund,CGY,82,19,36,55,23,17,36,262,80,85,98,44,61,33,716,694,50.78,2023,"5,350,000","5,350,000",both,,,,,
Jonathan Huberdeau,CGY,79,15,39,54,3,17,34,126,48,59,65,62,34,27,5,10,33.33,2023,"3,500,000","10,500,000",both,,,,,
Blake Coleman,CGY,82,18,20,38,8,25,54,188,68,76,109,32,36,40,21,22,48.84,2023,"5,900,000","4,900,000",both,,,,,
Miro Heiskanen,DAL,79,11,62,73,12,16,32,205,160,75,49,65,53,96,0,0,0.0,2023,"10,000,000","8,450,000",both,D,4,73.0,197.0,7/18/99
Nils Lundkvist,DAL,60,6,10,16,-5,13,26,94,67,35,49,32,6,68,0,0,0.0,2023,"832,500","925,000",both,D,5,71.0,190.0,7/27/00
Tyler Seguin,DAL,76,21,29,50,2,12,24,192,47,65,85,36,29,24,483,397,54.89,2023,"2,950,000","9,850,000",both,C,91,73.0,207.0,1/31/92
Joe Pavelski,DAL,82,28,48,76,42,4,8,185,74,78,93,57,32,64,367,321,53.34,2023,"3,500,000","3,500,000",both,C,16,71.0,196.0,7/11/84
Jason Robertson,DAL,82,46,63,109,38,10,20,309,152,98,57,67,62,19,0,1,0.0,2023,"8,000,000","7,750,000",both,LW,21,75.0,202.0,7/22/99
Wyatt Johnston,DAL,82,24,17,41,6,10,20,163,73,49,23,56,48,32,147,196,42.86,2023,"832,500","894,167",both,C,53,73.0,184.0,5/14/03
Michael McCarron,NSH,34,2,2,4,-3,9,24,39,16,17,75,2,7,20,63,43,59.43,2023,"775,000","775,000",both,,,,,
Mason Marchment,DAL,68,12,18,30,-6,29,80,149,54,62,88,41,38,39,10,15,40.0,2023,"4,800,000","4,500,000",both,LW,27,76.0,216.0,6/18/95
Radek Faksa,DAL,81,11,9,20,8,18,39,86,22,33,90,18,26,69,309,243,55.98,2023,"4,000,000","3,250,000",both,C,12,75.0,215.0,1/9/94
Roope Hintz,DAL,74,37,38,75,32,15,30,184,65,67,47,38,26,44,249,230,51.98,2023,"7,500,000","8,450,000",both,LW,24,75.0,212.0,11/17/96
Ryan Suter,DAL,82,3,21,24,-1,13,26,93,85,61,81,45,23,116,0,0,0.0,2023,"4,300,000","3,650,000",both,D,20,73.0,201.0,1/21/85
Jamie Benn,DAL,82,33,46,79,23,14,34,190,78,61,96,48,55,38,518,344,60.09,2023,"1,000,000","9,500,000",both,LW,14,74.0,205.0,7/18/89
Esa Lindell,DAL,82,8,16,24,31,5,10,116,82,33,86,56,31,147,0,0,0.0,2023,"5,000,000","5,800,000",both,D,23,75.0,216.0,5/23/94
Marco Rossi,MIN,20,0,1,1,-7,4,8,13,7,8,6,2,5,9,69,77,47.26,2023,"832,500","863,333",both,C,23,69.0,182.0,9/23/01
Jonas Brodin,MIN,61,3,11,14,12,15,30,91,56,35,50,23,27,130,0,0,0.0,2023,"8,000,000","6,000,000",both,D,25,74.0,196.0,7/12/93
Mats Zuccarello,MIN,78,22,46,68,-2,13,26,201,104,82,51,44,45,51,24,36,40.0,2023,"3,000,000","6,000,000",both,RW,36,68.0,181.0,9/1/87
Ryan Hartman,MIN,59,15,21,36,7,34,90,149,50,75,62,32,30,48,243,321,43.09,2023,"2,000,000","1,700,000",both,RW,38,72.0,197.0,9/20/94
Kirill Kaprizov,MIN,67,42,34,76,6,17,37,271,127,112,66,54,50,28,2,3,40.0,2023,"12,500,000","9,000,000",both,LW,97,70.0,202.0,4/26/97
Jared Spurgeon,MIN,79,11,23,34,33,7,14,149,77,63,66,20,15,180,0,0,0.0,2023,"8,000,000","7,575,000",both,D,46,69.0,166.0,11/29/89
Calen Addison,MIN,63,3,26,29,-17,11,22,79,49,29,19,21,10,38,0,0,0.0,2023,"825,000","825,000",both,D,2,71.0,173.0,4/11/00
Joel Eriksson Ek,MIN,78,23,37,60,4,22,44,246,61,88,119,14,44,55,683,702,49.31,2023,"6,000,000","5,250,000",both,C,14,75.0,207.0,1/29/97
Connor Dewar,MIN,81,6,12,18,-5,13,40,87,45,38,124,10,18,50,222,281,44.14,2023,"850,000","800,000",both,C,26,70.0,183.0,6/26/99
Marcus Foligno,MIN,66,7,14,21,-6,26,97,83,28,41,237,25,27,40,7,7,50.0,2023,"4,100,000","3,100,000",both,LW,17,75.0,226.0,8/10/91
Brandon Duhaime,MIN,51,9,1,10,6,15,42,81,24,35,146,10,19,18,4,10,28.57,2023,"1,100,000","1,100,000",both,RW,21,74.0,200.0,5/22/97
Josh Mahura,FLA,82,4,12,16,16,15,38,80,76,41,101,25,12,71,0,0,0.0,2023,"925,000","925,000",both,D,28,72.0,193.0,5/5/98
Anton Lundell,FLA,75,12,21,33,1,19,43,152,63,42,29,41,37,32,269,309,46.54,2023,"832,500","925,000",both,C,15,73.0,190.0,10/3/01
Aleksander Barkov,FLA,69,23,54,77,11,4,8,208,65,72,52,38,56,47,732,602,54.87,2023,"1,000,000","10,000,000",both,C,16,75.0,215.0,9/2/95
Casey Cizikas,NYI,81,6,15,21,1,20,49,109,40,38,188,28,35,58,500,439,53.25,2023,"2,500,000","2,500,000",both,C,53,71.0,194.0,2/27/91
Kyle Palmieri,NYI,55,16,16,32,13,12,24,121,58,59,76,20,13,18,9,16,36.0,2023,"5,000,000","5,000,000",both,RW,21,71.0,196.0,2/1/91
Matthew Tkachuk,FLA,79,40,69,109,27,36,113,316,113,99,68,62,38,33,13,16,44.83,2023,"1,000,000","9,500,000",both,LW,19,74.0,206.0,12/11/97
Mathew Barzal,NYI,58,14,38,52,7,11,22,139,59,56,25,68,48,33,105,188,35.84,2023,"9,150,000","9,150,000",both,C,13,73.0,190.0,5/26/97
Carter Verhaeghe,FLA,81,42,32,74,11,24,48,275,116,77,29,56,34,31,20,21,48.78,2023,"4,500,000","4,166,667",both,C,23,74.0,180.0,8/14/95
Jean-Gabriel Pageau,NYI,70,13,27,40,-2,7,14,123,30,49,175,35,33,62,717,535,57.27,2023,"4,500,000","5,000,000",both,C,44,71.0,185.0,11/11/92
Ryan Pulock,NYI,82,5,21,26,10,7,14,126,112,59,140,37,22,127,0,0,0.0,2023,"6,150,000","6,150,000",both,D,6,74.0,216.0,10/6/94
Eetu Luostarinen,FLA,82,17,24,41,17,12,28,133,53,56,64,43,47,53,175,243,41.87,2023,"1,500,000","1,500,000",both,C,27,75.0,190.0,9/2/98
Adam Pelech,NYI,61,6,15,21,14,18,36,98,78,55,77,38,31,108,0,0,0.0,2023,"5,750,000","5,750,000",both,D,3,75.0,210.0,8/16/94
Alexander Romanov,NYI,76,2,20,22,13,20,43,100,101,34,198,54,25,129,0,0,0.0,2023,"2,500,000","2,500,000",both,D,28,73.0,215.0,1/6/00
Nick Cousins,FLA,79,9,19,28,-3,16,38,101,39,35,87,18,20,36,71,74,48.97,2023,"775,000","1,100,000",both,C,21,71.0,186.0,7/20/93
Ryan Lomberg,FLA,82,12,7,19,-1,29,83,132,28,55,149,13,30,25,15,15,50.0,2023,"825,000","800,000",both,LW,94,69.0,184.0,12/9/94
Gustav Forsling,FLA,82,13,29,42,17,20,40,209,139,65,69,47,40,101,0,0,0.0,2023,"3,500,000","2,666,667",both,D,42,72.0,195.0,6/12/96
Noah Dobson,NYI,78,13,36,49,4,10,20,206,172,102,60,49,39,105,0,0,0.0,2023,"4,000,000","4,000,000",both,D,8,76.0,200.0,1/7/00
Sam Reinhart,FLA,82,31,36,67,-12,7,22,224,77,101,58,38,35,50,236,228,50.86,2023,"4,500,000","6,500,000",both,C,13,74.0,193.0,11/6/95
Brock Nelson,NYI,82,37,38,75,14,12,24,223,118,76,50,40,48,42,490,547,47.25,2023,"5,600,000","6,000,000",both,C,29,76.0,210.0,10/15/91
Anders Lee,NYI,82,28,21,49,-2,22,50,211,33,89,125,35,25,57,27,24,52.94,2023,"8,950,000","7,000,000",both,LW,27,75.0,227.0,7/3/90
Scott Mayfield,NYI,82,6,19,25,8,30,73,119,122,54,107,64,21,168,1,0,100.0,2023,"3,500,000","3,500,000",both,D,24,77.0,220.0,10/14/92
Matt Martin,NYI,81,7,12,19,3,17,63,81,39,41,295,20,15,42,9,18,33.33,2023,"1,500,000","1,500,000",both,LW,17,75.0,215.0,5/8/89
Peyton Krebs,BUF,74,9,17,26,-9,21,50,76,32,31,93,28,19,19,252,304,45.32,2023,"832,500","863,333",both,C,19,72.0,187.0,1/26/01
Mark Kastelic,OTT,66,7,4,11,-5,23,102,73,19,27,154,15,19,36,335,254,56.88,2023,"800,000","835,000",both,C,12,75.0,233.0,3/11/99
Henri Jokiharju,BUF,60,3,9,12,-13,15,30,79,50,24,63,33,20,58,0,0,0.0,2023,"2,600,000","2,500,000",both,D,10,72.0,200.0,6/17/99
Rasmus Dahlin,BUF,78,15,57,72,12,42,92,204,110,63,105,61,45,135,0,0,0.0,2023,"7,200,000","6,000,000",both,D,26,75.0,202.0,4/13/00
Dylan Cozens,BUF,81,31,37,68,-2,18,39,212,62,62,55,20,36,31,567,607,48.3,2023,"5,100,000","7,100,000",both,C,24,75.0,195.0,2/9/01
Thomas Chabot,OTT,69,11,29,40,-11,27,54,168,126,64,79,65,19,122,0,0,0.0,2023,"8,000,000","8,000,000",both,D,72,74.0,195.0,1/30/97
Zemgus Girgensons,BUF,80,10,8,18,-5,7,14,114,35,53,96,8,22,48,94,112,45.63,2023,"2,500,000","2,500,000",both,LW,28,74.0,200.0,1/5/94
Travis Hamonic,OTT,76,6,16,22,-5,30,71,135,98,44,109,64,22,143,0,0,0.0,2023,"1,100,000","1,100,000",both,D,23,73.0,200.0,8/16/90
Kyle Okposo,BUF,76,11,17,28,-7,17,34,150,50,40,78,22,28,24,164,187,46.72,2023,"2,500,000","2,500,000",both,RW,21,72.0,218.0,4/16/88
Alex Tuch,BUF,74,36,43,79,15,10,20,219,55,91,54,38,63,46,32,43,42.67,2023,"4,750,000","4,750,000",both,RW,89,76.0,219.0,5/10/96
Jake Sanderson,OTT,77,4,28,32,-7,6,12,131,87,60,43,52,33,146,0,0,0.0,2023,"832,500","925,000",both,D,85,75.0,195.0,7/8/02
Artem Zub,OTT,53,3,7,10,2,18,39,41,46,22,132,31,8,67,0,0,0.0,2023,"4,000,000","4,600,000",both,D,2,74.0,200.0,10/3/95
Mathieu Joseph,OTT,56,3,15,18,5,14,36,67,30,29,80,18,24,28,3,6,33.33,2023,"2,700,000","2,950,000",both,RW,21,73.0,187.0,2/9/97
Tage Thompson,BUF,78,47,47,94,5,18,39,297,133,117,55,40,43,26,350,465,42.94,2023,"5,142,858","7,142,857",both,C,72,78.0,220.0,10/30/97
Drake Batherson,OTT,82,22,39,61,-35,15,33,249,80,113,115,38,38,35,13,25,34.21,2023,"5,400,000","4,975,000",both,RW,19,75.0,200.0,4/27/98
Jeff Skinner,BUF,80,35,47,82,16,13,29,240,102,88,21,46,41,14,143,155,47.99,2023,"10,000,000","9,000,000",both,LW,53,71.0,197.0,5/16/92
Brady Tkachuk,OTT,82,35,48,83,-10,39,126,345,72,140,242,51,30,8,371,394,48.5,2023,"10,500,000","8,205,714",both,LW,7,76.0,221.0,9/16/99
Parker Kelly,OTT,56,1,3,4,-9,14,37,59,21,20,172,12,18,26,6,6,50.0,2023,"775,000","762,500",both,LW,27,72.0,190.0,5/14/99
Victor Olofsson,BUF,76,28,12,40,-22,2,4,161,64,48,16,22,24,15,1,5,16.67,2023,"4,750,000","4,750,000",both,LW,71,71.0,181.0,7/18/95
Casey Mittelstadt,BUF,82,15,44,59,-9,7,22,134,50,43,30,42,50,17,338,399,45.86,2023,"2,600,000","2,500,000",both,C,37,73.0,195.0,11/22/98
Mattias Samuelsson,BUF,55,2,8,10,14,10,20,76,34,26,107,21,21,91,0,0,0.0,2023,"2,285,716","4,285,714",both,D,23,76.0,231.0,3/14/00
Claude Giroux,OTT,82,35,42,77,6,17,34,212,65,78,75,32,52,30,714,505,58.57,2023,"7,000,000","6,500,000",both,RW,28,71.0,190.0,1/12/88
Jacob Bryson,BUF,61,1,8,9,-24,4,8,27,18,13,34,8,13,70,0,0,0.0,2023,"1,900,000","1,850,000",both,D,78,69.0,176.0,11/18/97
Owen Power,BUF,80,4,32,36,12,12,24,130,68,31,27,51,25,85,0,0,0.0,2023,"832,500","916,667",both,D,25,78.0,218.0,11/22/02
Joel Farabee,PHI,82,15,24,39,-1,16,41,144,66,47,71,39,25,45,16,29,35.56,2023,"2,250,000","5,000,000",both,LW,86,72.0,183.0,2/25/00
Owen Tippett,PHI,77,27,22,49,-18,8,16,231,101,83,125,25,44,69,19,11,63.33,2023,"1,750,000","1,500,000",both,RW,74,73.0,207.0,2/16/99
Nicolas Deslauriers,PHI,81,6,6,12,-11,31,136,70,24,37,305,8,13,26,3,8,27.27,2023,"2,000,000","1,750,000",both,LW,44,73.0,220.0,2/22/91
Travis Konecny,PHI,60,30,31,61,-10,29,77,190,86,81,55,26,34,37,29,31,48.33,2023,"6,000,000","5,500,000",both,RW,11,70.0,175.0,3/11/97
Travis Sanheim,PHI,81,7,16,23,-6,20,40,111,54,42,61,42,22,137,0,0,0.0,2023,"5,125,000","6,250,000",both,D,6,75.0,181.0,3/29/96
Morgan Frost,PHI,82,19,26,45,-13,12,24,155,71,51,85,26,38,53,437,514,45.95,2023,"1,450,000","2,100,000",both,C,48,71.0,170.0,5/14/99
Noah Cates,PHI,82,13,25,38,3,6,12,107,47,44,86,13,60,64,416,638,39.47,2023,"2,625,000","2,625,000",both,LW,27,73.0,165.0,2/5/99
Nick Seeler,PHI,78,4,10,14,1,22,56,84,54,25,126,24,9,162,0,0,0.0,2023,"800,000","775,000",both,D,24,74.0,201.0,6/3/93
Scott Laughton,PHI,78,19,24,43,-8,21,50,171,60,47,155,42,35,56,510,567,47.35,2023,"3,625,000","3,000,000",both,C,21,73.0,190.0,5/30/94
Liam O'Brien,ARI,56,3,8,11,-4,32,114,39,18,17,203,20,6,28,4,11,26.67,2023,"800,000","775,000",both,C,38,73.0,213.0,7/29/94
Pierre-Olivier Joseph,PIT,77,5,16,21,8,21,44,109,83,30,88,33,38,35,0,0,0.0,2023,"850,000","825,000",both,D,73,74.0,185.0,7/1/99
J.J. Moser,ARI,82,7,24,31,-13,15,33,93,84,35,80,43,14,136,0,0,0.0,2023,"832,500","886,667",both,D,90,73.0,173.0,6/6/00
Rickard Rakell,PIT,82,28,32,60,-5,8,16,247,98,96,141,43,29,54,10,13,43.48,2023,"6,000,000","5,000,000",both,RW,67,73.0,195.0,5/5/93
Nick Schmaltz,ARI,63,22,37,59,3,10,20,132,58,61,12,54,61,28,41,59,41.0,2023,"7,500,000","5,850,000",both,C,8,72.0,181.0,2/23/96
Jack McBain,ARI,82,12,14,26,-5,26,64,85,31,33,304,30,26,51,370,469,44.1,2023,"1,599,999","1,599,999",both,C,22,75.0,201.0,1/6/00
Jake Guentzel,PIT,78,36,38,74,1,22,46,244,103,105,84,48,45,47,8,8,50.0,2023,"6,000,000","6,000,000",both,LW,59,71.0,180.0,10/6/94
Marcus Pettersson,PIT,68,1,23,24,5,22,58,96,67,53,133,43,25,129,0,0,0.0,2023,"4,025,175","4,025,175",both,D,28,75.0,177.0,5/8/96
Kris Letang,PIT,65,12,28,40,-12,15,30,160,150,63,162,84,47,108,0,0,0.0,2023,"8,000,000","6,100,000",both,D,58,72.0,201.0,4/24/87
Troy Stecher,ARI,81,3,11,14,-7,19,44,87,69,25,71,38,21,92,0,0,0.0,2023,"1,100,000","1,100,000",both,D,51,70.0,184.0,4/7/94
Clayton Keller,ARI,82,37,50,87,-1,19,49,223,80,78,18,63,58,34,22,41,34.92,2023,"6,000,000","7,150,000",both,RW,9,70.0,178.0,7/29/98
Barrett Hayton,ARI,82,19,24,43,-5,20,42,177,44,58,83,41,35,33,629,601,51.14,2023,"2,130,000","1,775,000",both,C,29,73.0,207.0,6/9/00
Lawson Crouse,ARI,77,24,21,45,-3,16,35,152,53,54,194,32,32,57,33,49,40.24,2023,"4,600,000","4,300,000",both,LW,67,76.0,215.0,6/23/97
Nick Bjugstad,ARI,78,17,12,29,10,17,34,146,35,66,168,31,33,43,529,579,47.74,2023,"2,100,000","2,100,000",both,C,17,78.0,209.0,7/17/92
Evgeni Malkin,PIT,82,27,56,83,-11,32,72,240,102,72,53,105,82,32,420,436,49.07,2023,"6,000,000","6,100,000",both,C,71,75.0,195.0,7/31/86
Bryan Rust,PIT,81,20,26,46,-3,14,31,212,63,88,98,58,37,50,5,5,50.0,2023,"6,100,000","5,125,000",both,RW,17,71.0,192.0,5/11/92
Sidney Crosby,PIT,82,33,60,93,9,18,52,254,95,94,71,67,59,47,977,869,52.93,2023,"3,000,000","8,700,000",both,C,87,71.0,200.0,8/7/87
Travis Boyd,ARI,82,15,19,34,-31,13,26,93,33,40,39,34,35,58,503,654,43.47,2023,"2,000,000","1,750,000",both,C,72,72.0,190.0,9/14/93
Jeff Carter,PIT,79,13,16,29,-17,14,30,139,55,43,80,33,26,54,560,379,59.64,2023,"3,000,000","3,125,000",both,RW,77,75.0,219.0,1/1/85
Elias Pettersson,VAN,80,41,61,102,18,7,14,260,115,116,74,47,56,88,443,554,44.43,2023,"10,250,000","7,350,000",both,C,40,74.0,176.0,11/12/98
Derek Ryan,EDM,80,13,7,20,11,14,28,92,28,30,54,15,42,42,217,217,50.0,2023,"775,000","900,000",both,C,10,70.0,185.0,12/29/86
Andrei Kuzmenko,VAN,81,38,35,73,11,4,8,143,65,66,13,29,32,18,0,1,0.0,2023,"3,500,000","5,500,000",both,LW,96,71.0,194.0,2/4/96
Connor McDavid,EDM,82,65,90,155,24,18,36,356,88,91,90,77,84,40,530,493,51.81,2023,"1,000,000","12,500,000",both,C,97,73.0,194.0,1/13/97
Darnell Nurse,EDM,82,12,30,42,26,28,64,204,131,69,146,76,42,163,0,0,0.0,2023,"10,400,000","9,250,000",both,D,25,76.0,215.0,2/4/95
Brock Boeser,VAN,75,19,37,56,-22,12,24,182,68,67,50,21,23,33,24,36,40.0,2023,"6,650,000","6,650,000",both,RW,6,73.0,208.0,2/25/97
Zach Hyman,EDM,79,36,47,83,12,18,39,278,62,91,77,29,33,19,6,6,50.0,2023,"7,650,000","5,500,000",both,LW,18,73.0,206.0,6/9/92
Conor Garland,VAN,81,17,29,46,-9,10,31,167,45,68,47,37,47,20,3,11,21.43,2023,"6,000,000","4,950,000",both,RW,8,70.0,165.0,3/11/96
Cody Ceci,EDM,80,1,14,15,11,12,24,88,68,36,139,39,20,109,0,0,0.0,2023,"4,500,000","3,250,000",both,D,5,74.0,210.0,12/21/93
Dakota Joshua,VAN,79,11,12,23,-15,20,60,72,16,18,222,13,31,30,23,20,53.49,2023,"850,000","825,000",both,C,81,75.0,206.0,5/15/96
Evan Bouchard,EDM,82,8,32,40,4,14,28,157,161,64,95,73,66,78,0,0,0.0,2023,"3,500,000","3,900,000",both,D,2,75.0,192.0,10/20/99
Evander Kane,EDM,41,16,12,28,-5,25,53,150,67,47,127,32,15,15,12,22,35.29,2023,"1,500,000","5,125,000",both,LW,91,74.0,218.0,8/2/91
Ryan McLeod,EDM,58,11,11,22,2,9,18,78,35,31,40,41,23,20,287,309,48.15,2023,"2,100,000","2,100,000",both,C,71,74.0,188.0,9/21/99
Ryan Nugent-Hopkins,EDM,82,38,69,107,13,15,35,203,63,64,48,31,57,26,311,376,45.27,2023,"6,250,000","5,125,000",both,C,93,72.0,192.0,4/12/93
Quinn Hughes,VAN,78,7,68,75,16,17,34,155,147,65,29,45,56,71,1,0,100.0,2023,"8,600,000","7,850,000",both,D,43,70.0,180.0,10/14/99
Leon Draisaitl,EDM,80,53,76,129,7,12,24,248,77,103,66,103,79,39,817,669,54.98,2023,"8,000,000","8,500,000",both,C,29,74.0,209.0,10/27/95
J.T. Miller,VAN,81,33,52,85,-9,24,60,225,92,87,201,46,58,54,486,400,54.85,2023,"1,000,000","8,000,000",both,C,9,73.0,218.0,3/14/93
Brett Kulak,EDM,82,3,17,20,13,19,41,113,69,29,105,40,27,104,0,0,0.0,2023,"3,000,000","2,750,000",both,D,27,73.0,192.0,1/6/94
Dylan Holloway,EDM,51,3,6,9,-1,11,27,44,15,23,83,18,11,16,23,39,37.1,2023,"832,500","925,000",both,LW,55,73.0,206.0,9/23/01
Brandon Tanev,SEA,82,16,19,35,22,15,44,114,27,51,190,25,34,68,3,22,12.0,2023,"2,500,000","3,500,000",both,LW,13,72.0,189.0,12/31/91
Frank Vatrano,ANA,81,22,19,41,-28,21,66,231,60,62,86,34,21,74,7,10,41.18,2023,"3,650,000","3,650,000",both,RW,77,71.0,197.0,3/14/94
Adam Henrique,ANA,62,22,16,38,-6,11,22,129,47,45,28,34,26,46,340,327,50.97,2023,"5,825,000","5,825,000",both,C,14,72.0,195.0,2/6/90
Jamie Oleksiak,SEA,76,9,16,25,11,23,64,79,54,33,127,39,43,115,0,0,0.0,2023,"6,000,000","4,600,000",both,D,24,79.0,257.0,12/21/92
Jordan Eberle,SEA,82,20,42,62,7,16,34,181,76,70,44,33,56,25,34,43,44.16,2023,"3,750,000","5,500,000",both,RW,7,71.0,190.0,5/15/90
Ryan Strome,ANA,82,15,27,42,-29,31,79,130,40,36,29,49,29,23,400,519,43.53,2023,"5,000,000","5,000,000",both,C,16,73.0,191.0,7/11/93
Cam Fowler,ANA,82,10,38,48,-21,8,14,130,113,51,18,48,34,103,0,0,0.0,2023,"7,500,000","6,500,000",both,D,4,73.0,215.0,12/5/91
Adam Larsson,SEA,82,8,24,32,29,22,47,144,91,65,222,30,32,173,0,0,0.0,2023,"5,500,000","4,000,000",both,D,6,75.0,209.0,11/12/92
Jaden Schwartz,SEA,71,21,19,40,-17,11,22,167,70,54,55,31,44,25,75,83,47.47,2023,"7,000,000","5,500,000",both,LW,17,70.0,185.0,6/25/92
Jamie Drysdale,ANA,8,0,0,0,-3,1,2,8,6,4,7,3,0,6,0,0,0.0,2023,"2,300,000","2,300,000",both,D,6,71.0,183.0,4/8/02
Mason McTavish,ANA,80,17,26,43,-21,21,44,161,54,55,55,32,29,36,306,417,42.32,2023,"832,500","894,167",both,C,23,72.0,213.0,1/30/03
Trevor Zegras,ANA,81,23,41,64,-26,30,76,184,112,73,46,75,31,29,236,337,41.19,2023,"5,750,000","5,750,000",both,C,11,72.0,185.0,3/20/01
Jakob Silfverberg,ANA,82,10,16,26,-19,16,32,139,40,50,10,19,28,50,18,34,34.62,2023,"5,250,000","5,250,000",both,RW,33,73.0,207.0,10/13/90
Max Jones,ANA,69,9,9,18,-22,30,77,107,43,34,110,18,22,18,10,12,45.45,2023,"1,500,000","1,295,000",both,LW,49,75.0,216.0,2/17/98
Troy Terry,ANA,70,23,38,61,-4,11,22,188,69,94,12,27,43,21,2,0,100.0,2023,"7,000,000","7,000,000",both,RW,19,72.0,185.0,9/10/97
Oliver Bjorkstrand,SEA,81,20,25,45,2,8,16,198,59,101,63,21,56,38,18,41,30.51,2023,"5,350,000","5,400,000",both,RW,22,72.0,175.0,4/10/95
Jared McCann,SEA,79,40,30,70,18,7,14,210,108,78,65,28,56,28,26,53,32.91,2023,"6,000,000","5,000,000",both,LW,19,73.0,191.0,5/31/96
Vince Dunn,SEA,81,14,49,63,30,25,55,149,108,75,115,54,50,81,0,0,0.0,2023,"9,000,000","7,350,000",both,D,29,72.0,200.0,10/29/96
Yanni Gourde,SEA,81,14,34,48,24,27,76,142,44,59,117,27,65,53,482,489,49.64,2023,"5,100,000","5,166,666",both,C,37,69.0,174.0,12/15/91
Justin Schultz,SEA,73,7,28,35,3,19,38,95,85,32,30,24,14,72,0,0,0.0,2023,"3,000,000","3,000,000",both,D,4,74.0,190.0,7/6/90
Bowen Byram,COL,43,10,14,24,6,16,38,66,46,29,82,20,13,54,0,0,0.0,2023,"3,080,000","3,850,000",both,D,4,73.0,190.0,6/13/01
Taylor Raddysh,CHI,78,20,17,37,-28,8,16,129,43,52,82,29,33,38,10,8,55.56,2023,"775,000","758,333",both,RW,11,75.0,198.0,2/18/98
Nathan MacKinnon,COL,72,42,68,110,27,15,30,367,148,115,53,47,43,40,518,649,44.39,2023,"775,000","12,600,000",both,C,29,72.0,200.0,9/1/95
Kurtis MacDermid,COL,44,1,5,6,-1,20,55,20,23,8,85,8,6,32,0,1,0.0,2023,"1,000,000","987,500",both,D,56,77.0,233.0,3/25/94
Mikko Rantanen,COL,82,55,50,105,15,33,82,306,131,122,77,45,61,41,222,230,49.12,2023,"9,500,000","9,250,000",both,RW,96,76.0,215.0,10/29/96
Samuel Girard,COL,76,6,31,37,-10,8,16,119,113,36,67,36,42,117,0,0,0.0,2023,"5,000,000","5,000,000",both,D,49,70.0,170.0,5/12/98
Seth Jones,CHI,72,12,25,37,-41,13,30,180,87,64,106,66,46,124,0,0,0.0,2023,"7,500,000","9,500,000",both,D,4,76.0,213.0,10/3/94
Artturi Lehkonen,COL,65,21,30,51,9,14,28,149,63,64,93,12,26,42,4,19,17.39,2023,"5,000,000","4,500,000",both,LW,62,71.0,179.0,7/4/95
Andreas Athanasiou,CHI,81,20,18,38,-30,13,36,175,77,84,43,49,58,46,81,92,46.82,2023,"4,250,000","4,250,000",both,LW,89,74.0,190.0,8/6/94
Cale Makar,COL,62,17,49,66,16,14,30,177,146,82,64,48,50,78,0,0,0.0,2023,"11,000,000","9,000,000",both,D,8,71.0,187.0,10/30/98
Connor Murphy,CHI,80,7,6,13,-10,27,69,84,66,27,165,36,27,159,0,0,0.0,2023,"5,800,000","4,400,000",both,D,5,76.0,212.0,3/26/93
Josh Manson,COL,28,2,8,10,13,18,42,41,20,10,64,13,20,41,0,0,0.0,2023,"5,000,000","4,500,000",both,D,42,75.0,218.0,10/7/91
Valeri Nichushkin,COL,54,17,30,47,15,1,2,158,47,50,54,26,32,37,0,4,0.0,2023,"7,500,000","6,125,000",both,RW,13,76.0,210.0,3/4/95
Tyler Johnson,CHI,56,12,20,32,-22,8,16,124,43,48,49,22,33,24,58,55,51.33,2023,"4,750,000","5,000,000",both,C,90,68.0,185.0,7/29/90
Devon Toews,COL,80,7,42,49,39,12,26,166,95,49,93,39,45,138,0,0,0.0,2023,"5,900,000","4,100,000",both,D,7,73.0,191.0,2/21/94
Andrew Cogliano,COL,79,9,9,18,6,18,44,83,26,21,55,9,24,54,33,37,47.14,2023,"825,000","825,000",both,C,11,70.0,179.0,6/14/87
Jarred Tinordi,CHI,44,2,6,8,-17,14,40,33,26,19,139,20,11,67,0,0,0.0,2023,"1,250,000","1,250,000",both,D,25,78.0,229.0,2/20/92
Logan O'Connor,COL,82,10,16,26,11,17,37,104,44,49,116,20,42,50,2,10,16.67,2023,"1,000,000","1,050,000",both,RW,25,72.0,175.0,8/14/96
Kirby Dach,MTL,58,14,25,39,0,20,51,108,34,47,53,31,28,39,87,140,38.33,2023,"4,100,000","3,362,500",both,,,,,
Cole Caufield,MTL,46,27,10,37,-8,1,2,160,66,71,18,23,20,12,0,0,0.0,2023,"4,975,000","7,850,000",both,,,,,
Sean Monahan,MTL,25,6,11,17,-5,4,16,55,14,15,10,14,18,8,177,144,55.14,2023,"1,985,000","1,985,000",both,,,,,
David Savard,MTL,62,3,17,20,-15,12,40,63,41,19,61,61,15,176,0,0,0.0,2023,"4,200,000","3,500,000",both,,,,,
Josh Anderson,MTL,69,21,11,32,-7,24,72,165,54,67,142,25,33,48,20,25,44.44,2023,"8,000,000","5,500,000",both,,,,,
Nick Suzuki,MTL,82,26,40,66,-13,11,33,161,77,55,50,52,42,56,663,739,47.29,2023,"10,000,000","7,875,000",both,,,,,
Morgan Rielly,TOR,65,4,37,41,-10,9,21,126,68,48,70,65,20,84,0,0,0.0,2023,"5,000,000","7,500,000",both,D,44,73.0,225.0,3/9/94
Brendan Gallagher,MTL,37,9,6,15,-4,16,43,94,53,31,18,17,5,13,6,11,35.29,2023,"8,000,000","6,500,000",both,,,,,
Kaiden Guhle,MTL,44,4,14,18,-19,12,27,49,42,17,84,51,23,77,0,0,0.0,2023,"832,500","863,333",both,,,,,
Arber Xhekaj,MTL,51,5,7,12,-8,29,101,75,66,28,159,38,14,46,0,0,0.0,2023,"775,000","828,333",both,,,,,
Juraj Slafkovsky,MTL,40,4,7,11,-12,11,33,42,33,21,54,13,12,24,5,5,50.0,2023,"855,000","950,000",both,,,,,
Jake Evans,MTL,54,2,17,19,-4,10,28,55,35,17,27,29,19,41,339,311,52.15,2023,"1,700,000","1,700,000",both,,,,,
Jordan Harris,MTL,66,4,13,17,-3,13,26,70,63,25,53,29,18,97,0,0,0.0,2023,"1,400,000","1,400,000",both,,,,,
John Tavares,TOR,80,36,44,80,-7,17,34,277,72,115,112,54,46,36,727,519,58.35,2023,"910,000","11,000,000",both,C,91,73.0,211.0,9/20/90
Auston Matthews,TOR,74,40,45,85,32,10,20,328,115,125,78,55,68,91,550,498,52.48,2023,"775,000","11,640,250",both,C,34,75.0,215.0,9/17/97
William Nylander,TOR,82,40,46,86,10,14,28,292,113,110,18,36,70,26,26,33,44.07,2023,"2,500,000","6,962,366",both,RW,88,72.0,202.0,5/1/96
Johnathan Kovacevic,MTL,77,3,12,15,2,14,39,93,71,39,93,90,35,85,0,0,0.0,2023,"775,000","766,667",both,,,,,
Mark Giordano,TOR,78,4,20,24,26,25,53,107,78,46,60,48,20,147,0,0,0.0,2023,"800,000","800,000",both,D,55,73.0,202.0,10/3/83
Adam Boqvist,CBJ,46,5,17,22,-11,4,8,68,37,30,23,24,11,47,0,0,0.0,2023,"2,600,000","2,600,000",both,,,,,
Mathieu Olivier,CBJ,66,5,10,15,-20,27,81,75,28,33,178,8,17,59,2,13,13.33,2023,"1,100,000","1,100,000",both,,,,,
Erik Gudbranson,CBJ,70,1,11,12,-25,24,57,102,74,39,119,34,13,133,0,0,0.0,2023,"4,000,000","4,000,000",both,,,,,
Johnny Gaudreau,CBJ,80,21,53,74,-34,11,22,220,90,87,5,50,49,18,0,0,0.0,2023,"7,750,000","9,750,000",both,,,,,
Jaccob Slavin,CAR,76,7,20,27,19,4,8,131,98,67,36,40,88,104,0,0,0.0,2023,"5,500,000","5,300,000",both,D,74,75.0,207.0,5/1/94
Brent Burns,CAR,82,18,42,60,19,22,44,256,189,110,40,52,55,85,1,0,100.0,2023,"1,980,000","5,280,000",both,D,8,77.0,230.0,3/9/85
Jalen Chatfield,CAR,78,6,7,13,23,16,35,92,70,53,78,21,28,63,0,0,0.0,2023,"775,000","762,500",both,D,5,73.0,188.0,5/15/96
Sean Kuraly,CBJ,71,11,9,20,-28,26,68,99,38,44,187,17,30,45,568,575,49.69,2023,"3,250,000","2,500,000",both,,,,,
Jake Bean,CBJ,14,1,5,6,-2,3,6,16,11,5,13,3,8,21,0,0,0.0,2023,"2,900,000","2,333,333",both,,,,,
Justin Danforth,CBJ,6,2,1,3,-3,2,4,10,3,7,7,1,1,1,4,9,30.77,2023,"975,000","975,000",both,,,,,
Andrew Peeke,CBJ,80,6,7,13,-40,11,22,90,61,36,180,31,24,195,0,0,0.0,2023,"2,750,000","2,750,000",both,,,,,
Jack Roslovic,CBJ,77,11,33,44,-14,5,10,123,54,42,42,46,31,52,399,490,44.88,2023,"4,000,000","4,000,000",both,,,,,
Cole Sillinger,CBJ,65,3,8,11,-23,11,22,94,42,42,105,15,17,36,309,389,44.27,2023,"832,500","925,000",both,,,,,
Boone Jenner,CBJ,68,27,17,44,-32,20,51,214,70,102,130,25,28,70,756,628,54.62,2023,"3,750,000","3,750,000",both,,,,,
Brett Pesce,CAR,82,5,25,30,10,16,43,142,132,72,37,26,60,108,0,0,0.0,2023,"4,025,000","4,025,000",both,D,22,75.0,206.0,11/15/94
Jesper Fast,CAR,80,10,19,29,9,8,16,75,27,49,104,27,24,41,10,15,40.0,2023,"2,400,000","2,400,000",both,RW,71,73.0,191.0,12/2/91
Jordan Martinook,CAR,82,13,21,34,8,29,61,163,56,85,81,20,45,32,32,38,45.71,2023,"2,700,000","1,800,000",both,LW,48,72.0,196.0,7/25/92
Patrik Laine,CBJ,55,22,30,52,-12,8,16,184,91,84,27,40,24,27,28,52,35.0,2023,"7,100,000","8,700,000",both,,,,,
Sebastian Aho,CAR,75,36,32,68,9,21,42,219,64,92,59,63,63,21,532,502,51.45,2023,"775,000","8,460,250",both,C,20,72.0,176.0,7/26/97
Brady Skjei,CAR,81,18,20,38,6,20,40,189,125,96,71,54,47,61,0,0,0.0,2023,"5,400,000","5,250,000",both,D,76,75.0,210.0,3/26/94
Jordan Staal,CAR,81,17,17,34,6,16,32,124,31,48,155,30,33,39,821,656,55.59,2023,"3,450,000","2,900,000",both,C,11,76.0,220.0,9/10/88
Jesperi Kotkaniemi,CAR,82,18,24,42,10,25,50,130,59,55,105,48,29,21,360,340,51.43,2023,"4,500,000","4,820,000",both,C,82,74.0,201.0,7/6/00
Seth Jarvis,CAR,82,14,26,40,9,6,12,187,67,71,73,30,37,47,9,17,34.62,2023,"832,500","894,167",both,C,24,70.0,175.0,2/1/02
Brandon Carlo,BOS,75,3,13,16,44,16,38,95,47,33,128,21,28,116,0,0,0.0,2023,"4,700,000","4,100,000",both,D,25,78.0,218.0,11/26/96
Dylan Strome,WSH,81,23,43,66,-5,12,24,156,55,65,20,43,45,43,533,563,48.63,2023,"4,500,000","5,000,000",both,,,,,
Anthony Mantha,WSH,67,11,16,27,-9,12,33,120,47,37,70,33,23,25,9,9,50.0,2023,"6,500,000","5,700,000",both,,,,,
Pavel Zacha,BOS,82,21,36,57,26,8,16,131,41,48,67,35,31,20,135,161,45.61,2023,"5,750,000","4,750,000",both,C,18,76.0,199.0,4/6/97
Charlie Coyle,BOS,82,16,29,45,29,15,30,139,50,50,69,42,59,62,534,483,52.51,2023,"4,500,000","5,250,000",both,C,13,75.0,223.0,3/2/92
Evgeny Kuznetsov,WSH,81,12,42,54,-25,28,56,175,80,67,45,64,44,31,510,570,47.22,2023,"6,000,000","7,800,000",both,,,,,
Hampus Lindholm,BOS,80,10,43,53,44,28,56,158,95,45,78,65,31,100,0,0,0.0,2023,"6,000,000","6,500,000",both,D,27,76.0,215.0,1/20/94
Nick Jensen,WSH,77,5,23,28,-3,9,18,109,97,52,110,59,38,130,0,0,0.0,2023,"3,000,000","4,050,000",both,,,,,
Aliaksei Protas,WSH,59,4,11,15,-7,6,12,83,34,22,39,21,17,15,21,43,32.81,2023,"775,000","789,167",both,,,,,
Jakub Lauko,BOS,24,4,3,7,2,4,11,17,8,8,44,6,7,6,0,4,0.0,2023,"775,000","787,500",both,C,94,72.0,196.0,3/28/00
John Carlson,WSH,40,9,20,29,-8,6,12,123,68,69,42,33,21,86,0,0,0.0,2023,"4,000,000","8,000,000",both,,,,,
Derek Forbort,BOS,54,5,7,12,16,10,23,38,48,17,106,24,14,88,0,0,0.0,2023,"3,500,000","3,000,000",both,D,28,76.0,208.0,3/4/92
Nic Dowd,WSH,65,13,12,25,6,11,24,62,24,24,136,34,28,61,433,419,50.82,2023,"1,300,000","1,300,000",both,,,,,
T.J. Oshie,WSH,58,20,16,36,-18,21,59,128,42,61,128,26,45,33,86,99,46.49,2023,"4,000,000","5,750,000",both,,,,,
Alex Ovechkin,WSH,73,42,33,75,-16,19,48,295,166,117,188,52,31,23,4,5,44.44,2023,"1,000,000","9,500,000",both,,,,,
Filip Chytil,NYR,74,22,22,44,15,14,30,177,68,65,36,35,30,38,251,380,39.78,2023,"3,500,000","4,437,500",both,C,72,74.0,208.0,9/5/99
K'Andre Miller,NYR,79,9,32,41,14,17,37,113,74,51,162,68,61,104,0,0,0.0,2023,"2,748,000","3,872,000",both,D,79,77.0,210.0,1/21/00
Mikhail Sergachev,TBL,79,10,53,63,14,25,53,155,127,70,128,45,55,149,0,0,0.0,2023,"4,550,000","8,500,000",both,,,,,
Jacob Trouba,NYR,82,8,22,30,7,24,63,199,109,53,218,49,32,196,0,1,0.0,2023,"8,000,000","8,000,000",both,D,8,75.0,209.0,2/26/94
Steven Stamkos,TBL,81,33,51,84,-3,23,46,240,107,102,92,54,25,51,501,430,53.81,2023,"1,000,000","8,500,000",both,,,,,
Vincent Trocheck,NYR,82,22,40,62,3,26,58,223,76,108,182,64,55,43,720,566,55.99,2023,"3,500,000","5,625,000",both,C,16,71.0,187.0,7/11/93
Mika Zibanejad,NYR,82,39,52,91,24,10,20,251,72,117,71,67,57,46,692,707,49.46,2023,"1,000,000","8,500,000",both,C,93,74.0,201.0,4/18/93
Jimmy Vesey,NYR,81,11,14,25,15,7,20,123,44,40,98,29,56,40,4,14,22.22,2023,"800,000","800,000",both,LW,26,75.0,200.0,5/26/93
Kaapo Kakko,NYR,82,17,22,39,12,4,8,125,48,52,26,30,47,27,1,3,25.0,2023,"2,400,000","2,100,000",both,RW,24,74.0,205.0,2/13/01
Brayden Point,TBL,82,50,44,94,2,2,7,236,73,84,37,45,51,38,417,406,50.67,2023,"5,000,000","9,500,000",both,,,,,
Adam Fox,NYR,82,12,59,71,27,17,34,159,112,62,26,74,88,123,0,0,0.0,2023,"12,000,000","9,500,000",both,D,23,71.0,185.0,2/17/98
Artemi Panarin,NYR,82,29,63,92,4,18,36,205,123,101,26,102,36,11,6,13,31.58,2023,"1,000,000","11,642,857",both,LW,10,72.0,175.0,10/30/91
Chris Kreider,NYR,79,36,19,55,20,13,26,229,47,106,128,39,31,24,37,46,44.58,2023,"3,000,000","6,500,000",both,LW,20,75.0,233.0,4/30/91
Brandon Hagel,TBL,81,30,34,64,24,23,54,177,63,67,69,48,92,57,23,58,28.4,2023,"2,050,000","1,500,000",both,,,,,
Ryan Lindgren,NYR,64,2,16,18,30,21,45,75,57,26,68,17,13,92,0,0,0.0,2023,"4,000,000","3,000,000",both,D,55,72.0,193.0,2/11/98
Victor Hedman,TBL,76,9,40,49,11,17,42,185,112,99,95,79,48,135,0,0,0.0,2023,"5,000,000","7,875,000",both,,,,,
Nikita Kucherov,TBL,82,31,80,111,-1,18,36,272,152,126,61,98,57,28,2,0,100.0,2023,"5,000,000","9,500,000",both,,,,,
Barclay Goodrow,NYR,82,11,20,31,5,20,58,88,34,33,122,33,30,64,274,318,46.28,2023,"5,100,000","3,641,667",both,RW,21,74.0,209.0,2/26/93
Haydn Fleury,TBL,31,0,1,1,-10,3,14,33,19,18,30,6,3,30,0,0,0.0,2023,"775,000","762,500",both,,,,,
Braden Schneider,NYR,82,6,12,18,10,5,16,80,64,24,146,52,23,132,0,0,0.0,2023,"832,500","925,000",both,D,4,75.0,211.0,9/20/01
Jeremy Lauzon,NSH,67,4,8,12,-11,26,66,78,50,35,250,23,3,74,0,0,0.0,2023,"2,000,000","2,000,000",both,,,,,
Cody Glass,NSH,72,14,20,34,8,10,20,130,45,53,62,23,35,31,364,363,50.07,2023,"2,500,000","2,500,000",both,,,,,
Alexandre Carrier,NSH,43,2,7,9,0,12,27,48,32,19,57,12,14,67,0,0,0.0,2023,"2,500,000","2,500,000",both,,,,,
Roman Josi,NSH,67,18,40,58,5,18,36,267,185,88,51,29,24,146,0,0,0.0,2023,"5,000,000","9,059,000",both,,,,,
Dante Fabbro,NSH,79,2,9,11,-4,25,50,101,71,33,113,42,19,128,0,0,0.0,2023,"2,500,000","2,500,000",both,,,,,
Cole Smith,NSH,69,3,13,16,-3,21,60,63,21,33,198,15,29,25,0,5,0.0,2023,"775,000","775,000",both,,,,,
Kiefer Sherwood,NSH,33,7,6,13,4,12,30,57,24,22,103,14,17,15,6,4,60.0,2023,"775,000","775,000",both,,,,,
Ryan McDonagh,NSH,71,2,18,20,12,11,22,78,56,43,63,59,47,162,0,0,0.0,2023,"8,400,000","6,750,000",both,,,,,
Filip Forsberg,NSH,50,19,23,42,-3,10,20,157,81,84,86,29,34,20,0,1,0.0,2023,"10,000,000","8,500,000",both,,,,,
Colton Sissons,NSH,82,12,18,30,-3,10,20,88,43,48,164,27,32,72,591,516,53.39,2023,"3,500,000","2,857,143",both,,,,,
Yakov Trenin,NSH,77,12,12,24,-7,18,47,140,52,64,167,43,44,30,14,22,38.89,2023,"1,700,000","1,700,000",both,,,,,
